Workbook

Sheet Classifica
A1: TORNEO BRISCOLA IN CINQUE 2026-2027
A3: Giocatore | B3: Presenze | C3: Vittorie | D3: Secondi | E3: Terzi | F3: Punti Lordi | G3: Scarto1 | H3: Scarto2 | I3: Punti Netti
A4: Fanfo | B4: =COUNTIF(Risultati!C$2:M$13,A4) | C4: =COUNTIF(Risultati!C$2:C$13,A4) | D4: =COUNTIF(Risultati!D$2:D$13,A4) | E4: =COUNTIF(Risultati!E$2:E$13,A4) | F4: =SUM(Dettaglio!N4:Y4) | G4: =Dettaglio!G4 | H4: =Dettaglio!H4 | I4: =F4-G4-H4
A5: Generale | B5: =COUNTIF(Risultati!C$2:M$13,A5) | C5: =COUNTIF(Risultati!C$2:C$13,A5) | D5: =COUNTIF(Risultati!D$2:D$13,A5) | E5: =COUNTIF(Risultati!E$2:E$13,A5) | F5: =SUM(Dettaglio!N5:Y5) | G5: =Dettaglio!G5 | H5: =Dettaglio!H5 | I5: =F5-G5-H5
A6: Giopowie | B6: =COUNTIF(Risultati!C$2:M$13,A6) | C6: =COUNTIF(Risultati!C$2:C$13,A6) | D6: =COUNTIF(Risultati!D$2:D$13,A6) | E6: =COUNTIF(Risultati!E$2:E$13,A6) | F6: =SUM(Dettaglio!N6:Y6) | G6: =Dettaglio!G6 | H6: =Dettaglio!H6 | I6: =F6-G6-H6
A7: Lorenzo | B7: =COUNTIF(Risultati!C$2:M$13,A7) | C7: =COUNTIF(Risultati!C$2:C$13,A7) | D7: =COUNTIF(Risultati!D$2:D$13,A7) | E7: =COUNTIF(Risultati!E$2:E$13,A7) | F7: =SUM(Dettaglio!N7:Y7) | G7: =Dettaglio!G7 | H7: =Dettaglio!H7 | I7: =F7-G7-H7
A8: Maldo | B8: =COUNTIF(Risultati!C$2:M$13,A8) | C8: =COUNTIF(Risultati!C$2:C$13,A8) | D8: =COUNTIF(Risultati!D$2:D$13,A8) | E8: =COUNTIF(Risultati!E$2:E$13,A8) | F8: =SUM(Dettaglio!N8:Y8) | G8: =Dettaglio!G8 | H8: =Dettaglio!H8 | I8: =F8-G8-H8
A9: Muso | B9: =COUNTIF(Risultati!C$2:M$13,A9) | C9: =COUNTIF(Risultati!C$2:C$13,A9) | D9: =COUNTIF(Risultati!D$2:D$13,A9) | E9: =COUNTIF(Risultati!E$2:E$13,A9) | F9: =SUM(Dettaglio!N9:Y9) | G9: =Dettaglio!G9 | H9: =Dettaglio!H9 | I9: =F9-G9-H9
A10: Piero | B10: =COUNTIF(Risultati!C$2:M$13,A10) | C10: =COUNTIF(Risultati!C$2:C$13,A10) | D10: =COUNTIF(Risultati!D$2:D$13,A10) | E10: =COUNTIF(Risultati!E$2:E$13,A10) | F10: =SUM(Dettaglio!N10:Y10) | G10: =Dettaglio!G10 | H10: =Dettaglio!H10 | I10: =F10-G10-H10
A11: Salado | B11: =COUNTIF(Risultati!C$2:M$13,A11) | C11: =COUNTIF(Risultati!C$2:C$13,A11) | D11: =COUNTIF(Risultati!D$2:D$13,A11) | E11: =COUNTIF(Risultati!E$2:E$13,A11) | F11: =SUM(Dettaglio!N11:Y11) | G11: =Dettaglio!G11 | H11: =Dettaglio!H11 | I11: =F11-G11-H11
A12: Torre | B12: =COUNTIF(Risultati!C$2:M$13,A12) | C12: =COUNTIF(Risultati!C$2:C$13,A12) | D12: =COUNTIF(Risultati!D$2:D$13,A12) | E12: =COUNTIF(Risultati!E$2:E$13,A12) | F12: =SUM(Dettaglio!N12:Y12) | G12: =Dettaglio!G12 | H12: =Dettaglio!H12 | I12: =F12-G12-H12
A13: Ube | B13: =COUNTIF(Risultati!C$2:M$13,A13) | C13: =COUNTIF(Risultati!C$2:C$13,A13) | D13: =COUNTIF(Risultati!D$2:D$13,A13) | E13: =COUNTIF(Risultati!E$2:E$13,A13) | F13: =SUM(Dettaglio!N13:Y13) | G13: =Dettaglio!G13 | H13: =Dettaglio!H13 | I13: =F13-G13-H13
A14: Uccio | B14: =COUNTIF(Risultati!C$2:M$13,A14) | C14: =COUNTIF(Risultati!C$2:C$13,A14) | D14: =COUNTIF(Risultati!D$2:D$13,A14) | E14: =COUNTIF(Risultati!E$2:E$13,A14) | F14: =SUM(Dettaglio!N14:Y14) | G14: =Dettaglio!G14 | H14: =Dettaglio!H14 | I14: =F14-G14-H14

Sheet Risultati
A1: Giornata | B1: Data | C1: 1° | D1: 2° | E1: 3° | F1: 4° | G1: 5° | H1: 6° | I1: 7° | J1: 8° | K1: 9° | L1: 10° | M1: 11° | N1: Jolly
A2: 1 | B2: 29/10/2026
A3: 2 | B3: 12/11/2026
A4: 3 | B4: 26/11/2026
A5: 4 | B5: 10/12/2026
A6: 5 | B6: 07/01/2027
A7: 6 | B7: 21/01/2027
A8: 7 | B8: 04/02/2027
A9: 8 | B9: 18/02/2027
A10: 9 | B10: 04/03/2027
A11: 10 | B11: 18/03/2027
A12: 11 | B12: 01/04/2027
A13: 12 | B13: 15/04/2027

Sheet Dettaglio
A1: Giocatore | N1: G1 | O1: G2 | P1: G3 | Q1: G4 | R1: G5 | S1: G6 | T1: G7 | U1: G8 | V1: G9 | W1: G10 | X1: G11 | Y1: G12
A4: Fanfo | G4: =SMALL(N4:Y4,1) | H4: =SMALL(N4:Y4,2) | N4: =IF(COUNTIF(Risultati!C2:M2,A4)=0,0,INDEX({30,23,20,17,15,13,11,9,7,6,5},MATCH(A4,Risultati!C2:M2,0))+5+IF(Risultati!N2=A4,INDEX({30,23,20,17,15,13,11,9,7,6,5},MATCH(A4,Risultati!C2:M2,0)),0)) | O4: =IF(COUNTIF(Risultati!C3:M3,A4)=0,0,INDEX({30,23,20,17,15,13,11,9,7,6,5},MATCH(A4,Risultati!C3:M3,0))+5+IF(Risultati!N3=A4,INDEX({30,23,20,17,15,13,11,9,7,6,5},MATCH(A4,Risultati!C3:M3,0)),0)) | P4: =IF(COUNTIF(Risultati!C4:M4,A4)=0,0,INDEX({30,23,20,17,15,13,11,9,7,6,5},MATCH(A4,Risultati!C4:M4,0))+5+IF(Risultati!N4=A4,INDEX({30,23,20,17,15,13,11,9,7,6,5},MATCH(A4,Risultati!C4:M4,0)),0)) | Q4: =IF(COUNTIF(Risultati!C5:M5,A4)=0,0,INDEX({30,23,20,17,15,13,11,9,7,6,5},MATCH(A4,Risultati!C5:M5,0))+5+IF(Risultati!N5=A4,INDEX({30,23,20,17,15,13,11,9,7,6,5},MATCH(A4,Risultati!C5:M5,0)),0)) | R4: =IF(COUNTIF(Risultati!C6:M6,A4)=0,0,INDEX({30,23,20,17,15,13,11,9,7,6,5},MATCH(A4,Risultati!C6:M6,0))+5+IF(Risultati!N6=A4,INDEX({30,23,20,17,15,13,11,9,7,6,5},MATCH(A4,Risultati!C6:M6,0)),0)) | S4: =IF(COUNTIF(Risultati!C7:M7,A4)=0,0,INDEX({30,23,20,17,15,13,11,9,7,6,5},MATCH(A4,Risultati!C7:M7,0))+5+IF(Risultati!N7=A4,INDEX({30,23,20,17,15,13,11,9,7,6,5},MATCH(A4,Risultati!C7:M7,0)),0)) | T4: =IF(COUNTIF(Risultati!C8:M8,A4)=0,0,INDEX({30,23,20,17,15,13,11,9,7,6,5},MATCH(A4,Risultati!C8:M8,0))+5+IF(Risultati!N8=A4,INDEX({30,23,20,17,15,13,11,9,7,6,5},MATCH(A4,Risultati!C8:M8,0)),0)) | U4: =IF(COUNTIF(Risultati!C9:M9,A4)=0,0,INDEX({30,23,20,17,15,13,11,9,7,6,5},MATCH(A4,Risultati!C9:M9,0))+5+IF(Risultati!N9=A4,INDEX({30,23,20,17,15,13,11,9,7,6,5},MATCH(A4,Risultati!C9:M9,0)),0)) | V4: =IF(COUNTIF(Risultati!C10:M10,A4)=0,0,INDEX({30,23,20,17,15,13,11,9,7,6,5},MATCH(A4,Risultati!C10:M10,0))+5+IF(Risultati!N10=A4,INDEX({30,23,20,17,15,13,11,9,7,6,5},MATCH(A4,Risultati!C10:M10,0)),0)) | W4: =IF(COUNTIF(Risultati!C11:M11,A4)=0,0,INDEX({30,23,20,17,15,13,11,9,7,6,5},MATCH(A4,Risultati!C11:M11,0))+5+IF(Risultati!N11=A4,INDEX({30,23,20,17,15,13,11,9,7,6,5},MATCH(A4,Risultati!C11:M11,0)),0)) | X4: =IF(COUNTIF(Risultati!C12:M12,A4)=0,0,INDEX({30,23,20,17,15,13,11,9,7,6,5},MATCH(A4,Risultati!C12:M12,0))+5+IF(Risultati!N12=A4,INDEX({30,23,20,17,15,13,11,9,7,6,5},MATCH(A4,Risultati!C12:M12,0)),0)) | Y4: =IF(COUNTIF(Risultati!C13:M13,A4)=0,0,INDEX({30,23,20,17,15,13,11,9,7,6,5},MATCH(A4,Risultati!C13:M13,0))+5+IF(Risultati!N13=A4,INDEX({30,23,20,17,15,13,11,9,7,6,5},MATCH(A4,Risultati!C13:M13,0)),0))
A5: Generale | G5: =SMALL(N5:Y5,1) | H5: =SMALL(N5:Y5,2) | N5: =IF(COUNTIF(Risultati!C2:M2,A5)=0,0,INDEX({30,23,20,17,15,13,11,9,7,6,5},MATCH(A5,Risultati!C2:M2,0))+5+IF(Risultati!N2=A5,INDEX({30,23,20,17,15,13,11,9,7,6,5},MATCH(A5,Risultati!C2:M2,0)),0)) | O5: =IF(COUNTIF(Risultati!C3:M3,A5)=0,0,INDEX({30,23,20,17,15,13,11,9,7,6,5},MATCH(A5,Risultati!C3:M3,0))+5+IF(Risultati!N3=A5,INDEX({30,23,20,17,15,13,11,9,7,6,5},MATCH(A5,Risultati!C3:M3,0)),0)) | P5: =IF(COUNTIF(Risultati!C4:M4,A5)=0,0,INDEX({30,23,20,17,15,13,11,9,7,6,5},MATCH(A5,Risultati!C4:M4,0))+5+IF(Risultati!N4=A5,INDEX({30,23,20,17,15,13,11,9,7,6,5},MATCH(A5,Risultati!C4:M4,0)),0)) | Q5: =IF(COUNTIF(Risultati!C5:M5,A5)=0,0,INDEX({30,23,20,17,15,13,11,9,7,6,5},MATCH(A5,Risultati!C5:M5,0))+5+IF(Risultati!N5=A5,INDEX({30,23,20,17,15,13,11,9,7,6,5},MATCH(A5,Risultati!C5:M5,0)),0)) | R5: =IF(COUNTIF(Risultati!C6:M6,A5)=0,0,INDEX({30,23,20,17,15,13,11,9,7,6,5},MATCH(A5,Risultati!C6:M6,0))+5+IF(Risultati!N6=A5,INDEX({30,23,20,17,15,13,11,9,7,6,5},MATCH(A5,Risultati!C6:M6,0)),0)) | S5: =IF(COUNTIF(Risultati!C7:M7,A5)=0,0,INDEX({30,23,20,17,15,13,11,9,7,6,5},MATCH(A5,Risultati!C7:M7,0))+5+IF(Risultati!N7=A5,INDEX({30,23,20,17,15,13,11,9,7,6,5},MATCH(A5,Risultati!C7:M7,0)),0)) | T5: =IF(COUNTIF(Risultati!C8:M8,A5)=0,0,INDEX({30,23,20,17,15,13,11,9,7,6,5},MATCH(A5,Risultati!C8:M8,0))+5+IF(Risultati!N8=A5,INDEX({30,23,20,17,15,13,11,9,7,6,5},MATCH(A5,Risultati!C8:M8,0)),0)) | U5: =IF(COUNTIF(Risultati!C9:M9,A5)=0,0,INDEX({30,23,20,17,15,13,11,9,7,6,5},MATCH(A5,Risultati!C9:M9,0))+5+IF(Risultati!N9=A5,INDEX({30,23,20,17,15,13,11,9,7,6,5},MATCH(A5,Risultati!C9:M9,0)),0)) | V5: =IF(COUNTIF(Risultati!C10:M10,A5)=0,0,INDEX({30,23,20,17,15,13,11,9,7,6,5},MATCH(A5,Risultati!C10:M10,0))+5+IF(Risultati!N10=A5,INDEX({30,23,20,17,15,13,11,9,7,6,5},MATCH(A5,Risultati!C10:M10,0)),0)) | W5: =IF(COUNTIF(Risultati!C11:M11,A5)=0,0,INDEX({30,23,20,17,15,13,11,9,7,6,5},MATCH(A5,Risultati!C11:M11,0))+5+IF(Risultati!N11=A5,INDEX({30,23,20,17,15,13,11,9,7,6,5},MATCH(A5,Risultati!C11:M11,0)),0)) | X5: =IF(COUNTIF(Risultati!C12:M12,A5)=0,0,INDEX({30,23,20,17,15,13,11,9,7,6,5},MATCH(A5,Risultati!C12:M12,0))+5+IF(Risultati!N12=A5,INDEX({30,23,20,17,15,13,11,9,7,6,5},MATCH(A5,Risultati!C12:M12,0)),0)) | Y5: =IF(COUNTIF(Risultati!C13:M13,A5)=0,0,INDEX({30,23,20,17,15,13,11,9,7,6,5},MATCH(A5,Risultati!C13:M13,0))+5+IF(Risultati!N13=A5,INDEX({30,23,20,17,15,13,11,9,7,6,5},MATCH(A5,Risultati!C13:M13,0)),0))
A6: Giopowie | G6: =SMALL(N6:Y6,1) | H6: =SMALL(N6:Y6,2) | N6: =IF(COUNTIF(Risultati!C2:M2,A6)=0,0,INDEX({30,23,20,17,15,13,11,9,7,6,5},MATCH(A6,Risultati!C2:M2,0))+5+IF(Risultati!N2=A6,INDEX({30,23,20,17,15,13,11,9,7,6,5},MATCH(A6,Risultati!C2:M2,0)),0)) | O6: =IF(COUNTIF(Risultati!C3:M3,A6)=0,0,INDEX({30,23,20,17,15,13,11,9,7,6,5},MATCH(A6,Risultati!C3:M3,0))+5+IF(Risultati!N3=A6,INDEX({30,23,20,17,15,13,11,9,7,6,5},MATCH(A6,Risultati!C3:M3,0)),0)) | P6: =IF(COUNTIF(Risultati!C4:M4,A6)=0,0,INDEX({30,23,20,17,15,13,11,9,7,6,5},MATCH(A6,Risultati!C4:M4,0))+5+IF(Risultati!N4=A6,INDEX({30,23,20,17,15,13,11,9,7,6,5},MATCH(A6,Risultati!C4:M4,0)),0)) | Q6: =IF(COUNTIF(Risultati!C5:M5,A6)=0,0,INDEX({30,23,20,17,15,13,11,9,7,6,5},MATCH(A6,Risultati!C5:M5,0))+5+IF(Risultati!N5=A6,INDEX({30,23,20,17,15,13,11,9,7,6,5},MATCH(A6,Risultati!C5:M5,0)),0)) | R6: =IF(COUNTIF(Risultati!C6:M6,A6)=0,0,INDEX({30,23,20,17,15,13,11,9,7,6,5},MATCH(A6,Risultati!C6:M6,0))+5+IF(Risultati!N6=A6,INDEX({30,23,20,17,15,13,11,9,7,6,5},MATCH(A6,Risultati!C6:M6,0)),0)) | S6: =IF(COUNTIF(Risultati!C7:M7,A6)=0,0,INDEX({30,23,20,17,15,13,11,9,7,6,5},MATCH(A6,Risultati!C7:M7,0))+5+IF(Risultati!N7=A6,INDEX({30,23,20,17,15,13,11,9,7,6,5},MATCH(A6,Risultati!C7:M7,0)),0)) | T6: =IF(COUNTIF(Risultati!C8:M8,A6)=0,0,INDEX({30,23,20,17,15,13,11,9,7,6,5},MATCH(A6,Risultati!C8:M8,0))+5+IF(Risultati!N8=A6,INDEX({30,23,20,17,15,13,11,9,7,6,5},MATCH(A6,Risultati!C8:M8,0)),0)) | U6: =IF(COUNTIF(Risultati!C9:M9,A6)=0,0,INDEX({30,23,20,17,15,13,11,9,7,6,5},MATCH(A6,Risultati!C9:M9,0))+5+IF(Risultati!N9=A6,INDEX({30,23,20,17,15,13,11,9,7,6,5},MATCH(A6,Risultati!C9:M9,0)),0)) | V6: =IF(COUNTIF(Risultati!C10:M10,A6)=0,0,INDEX({30,23,20,17,15,13,11,9,7,6,5},MATCH(A6,Risultati!C10:M10,0))+5+IF(Risultati!N10=A6,INDEX({30,23,20,17,15,13,11,9,7,6,5},MATCH(A6,Risultati!C10:M10,0)),0)) | W6: =IF(COUNTIF(Risultati!C11:M11,A6)=0,0,INDEX({30,23,20,17,15,13,11,9,7,6,5},MATCH(A6,Risultati!C11:M11,0))+5+IF(Risultati!N11=A6,INDEX({30,23,20,17,15,13,11,9,7,6,5},MATCH(A6,Risultati!C11:M11,0)),0)) | X6: =IF(COUNTIF(Risultati!C12:M12,A6)=0,0,INDEX({30,23,20,17,15,13,11,9,7,6,5},MATCH(A6,Risultati!C12:M12,0))+5+IF(Risultati!N12=A6,INDEX({30,23,20,17,15,13,11,9,7,6,5},MATCH(A6,Risultati!C12:M12,0)),0)) | Y6: =IF(COUNTIF(Risultati!C13:M13,A6)=0,0,INDEX({30,23,20,17,15,13,11,9,7,6,5},MATCH(A6,Risultati!C13:M13,0))+5+IF(Risultati!N13=A6,INDEX({30,23,20,17,15,13,11,9,7,6,5},MATCH(A6,Risultati!C13:M13,0)),0))
A7: Lorenzo | G7: =SMALL(N7:Y7,1) | H7: =SMALL(N7:Y7,2) | N7: =IF(COUNTIF(Risultati!C2:M2,A7)=0,0,INDEX({30,23,20,17,15,13,11,9,7,6,5},MATCH(A7,Risultati!C2:M2,0))+5+IF(Risultati!N2=A7,INDEX({30,23,20,17,15,13,11,9,7,6,5},MATCH(A7,Risultati!C2:M2,0)),0)) | O7: =IF(COUNTIF(Risultati!C3:M3,A7)=0,0,INDEX({30,23,20,17,15,13,11,9,7,6,5},MATCH(A7,Risultati!C3:M3,0))+5+IF(Risultati!N3=A7,INDEX({30,23,20,17,15,13,11,9,7,6,5},MATCH(A7,Risultati!C3:M3,0)),0)) | P7: =IF(COUNTIF(Risultati!C4:M4,A7)=0,0,INDEX({30,23,20,17,15,13,11,9,7,6,5},MATCH(A7,Risultati!C4:M4,0))+5+IF(Risultati!N4=A7,INDEX({30,23,20,17,15,13,11,9,7,6,5},MATCH(A7,Risultati!C4:M4,0)),0)) | Q7: =IF(COUNTIF(Risultati!C5:M5,A7)=0,0,INDEX({30,23,20,17,15,13,11,9,7,6,5},MATCH(A7,Risultati!C5:M5,0))+5+IF(Risultati!N5=A7,INDEX({30,23,20,17,15,13,11,9,7,6,5},MATCH(A7,Risultati!C5:M5,0)),0)) | R7: =IF(COUNTIF(Risultati!C6:M6,A7)=0,0,INDEX({30,23,20,17,15,13,11,9,7,6,5},MATCH(A7,Risultati!C6:M6,0))+5+IF(Risultati!N6=A7,INDEX({30,23,20,17,15,13,11,9,7,6,5},MATCH(A7,Risultati!C6:M6,0)),0)) | S7: =IF(COUNTIF(Risultati!C7:M7,A7)=0,0,INDEX({30,23,20,17,15,13,11,9,7,6,5},MATCH(A7,Risultati!C7:M7,0))+5+IF(Risultati!N7=A7,INDEX({30,23,20,17,15,13,11,9,7,6,5},MATCH(A7,Risultati!C7:M7,0)),0)) | T7: =IF(COUNTIF(Risultati!C8:M8,A7)=0,0,INDEX({30,23,20,17,15,13,11,9,7,6,5},MATCH(A7,Risultati!C8:M8,0))+5+IF(Risultati!N8=A7,INDEX({30,23,20,17,15,13,11,9,7,6,5},MATCH(A7,Risultati!C8:M8,0)),0)) | U7: =IF(COUNTIF(Risultati!C9:M9,A7)=0,0,INDEX({30,23,20,17,15,13,11,9,7,6,5},MATCH(A7,Risultati!C9:M9,0))+5+IF(Risultati!N9=A7,INDEX({30,23,20,17,15,13,11,9,7,6,5},MATCH(A7,Risultati!C9:M9,0)),0)) | V7: =IF(COUNTIF(Risultati!C10:M10,A7)=0,0,INDEX({30,23,20,17,15,13,11,9,7,6,5},MATCH(A7,Risultati!C10:M10,0))+5+IF(Risultati!N10=A7,INDEX({30,23,20,17,15,13,11,9,7,6,5},MATCH(A7,Risultati!C10:M10,0)),0)) | W7: =IF(COUNTIF(Risultati!C11:M11,A7)=0,0,INDEX({30,23,20,17,15,13,11,9,7,6,5},MATCH(A7,Risultati!C11:M11,0))+5+IF(Risultati!N11=A7,INDEX({30,23,20,17,15,13,11,9,7,6,5},MATCH(A7,Risultati!C11:M11,0)),0)) | X7: =IF(COUNTIF(Risultati!C12:M12,A7)=0,0,INDEX({30,23,20,17,15,13,11,9,7,6,5},MATCH(A7,Risultati!C12:M12,0))+5+IF(Risultati!N12=A7,INDEX({30,23,20,17,15,13,11,9,7,6,5},MATCH(A7,Risultati!C12:M12,0)),0)) | Y7: =IF(COUNTIF(Risultati!C13:M13,A7)=0,0,INDEX({30,23,20,17,15,13,11,9,7,6,5},MATCH(A7,Risultati!C13:M13,0))+5+IF(Risultati!N13=A7,INDEX({30,23,20,17,15,13,11,9,7,6,5},MATCH(A7,Risultati!C13:M13,0)),0))
A8: Maldo | G8: =SMALL(N8:Y8,1) | H8: =SMALL(N8:Y8,2) | N8: =IF(COUNTIF(Risultati!C2:M2,A8)=0,0,INDEX({30,23,20,17,15,13,11,9,7,6,5},MATCH(A8,Risultati!C2:M2,0))+5+IF(Risultati!N2=A8,INDEX({30,23,20,17,15,13,11,9,7,6,5},MATCH(A8,Risultati!C2:M2,0)),0)) | O8: =IF(COUNTIF(Risultati!C3:M3,A8)=0,0,INDEX({30,23,20,17,15,13,11,9,7,6,5},MATCH(A8,Risultati!C3:M3,0))+5+IF(Risultati!N3=A8,INDEX({30,23,20,17,15,13,11,9,7,6,5},MATCH(A8,Risultati!C3:M3,0)),0)) | P8: =IF(COUNTIF(Risultati!C4:M4,A8)=0,0,INDEX({30,23,20,17,15,13,11,9,7,6,5},MATCH(A8,Risultati!C4:M4,0))+5+IF(Risultati!N4=A8,INDEX({30,23,20,17,15,13,11,9,7,6,5},MATCH(A8,Risultati!C4:M4,0)),0)) | Q8: =IF(COUNTIF(Risultati!C5:M5,A8)=0,0,INDEX({30,23,20,17,15,13,11,9,7,6,5},MATCH(A8,Risultati!C5:M5,0))+5+IF(Risultati!N5=A8,INDEX({30,23,20,17,15,13,11,9,7,6,5},MATCH(A8,Risultati!C5:M5,0)),0)) | R8: =IF(COUNTIF(Risultati!C6:M6,A8)=0,0,INDEX({30,23,20,17,15,13,11,9,7,6,5},MATCH(A8,Risultati!C6:M6,0))+5+IF(Risultati!N6=A8,INDEX({30,23,20,17,15,13,11,9,7,6,5},MATCH(A8,Risultati!C6:M6,0)),0)) | S8: =IF(COUNTIF(Risultati!C7:M7,A8)=0,0,INDEX({30,23,20,17,15,13,11,9,7,6,5},MATCH(A8,Risultati!C7:M7,0))+5+IF(Risultati!N7=A8,INDEX({30,23,20,17,15,13,11,9,7,6,5},MATCH(A8,Risultati!C7:M7,0)),0)) | T8: =IF(COUNTIF(Risultati!C8:M8,A8)=0,0,INDEX({30,23,20,17,15,13,11,9,7,6,5},MATCH(A8,Risultati!C8:M8,0))+5+IF(Risultati!N8=A8,INDEX({30,23,20,17,15,13,11,9,7,6,5},MATCH(A8,Risultati!C8:M8,0)),0)) | U8: =IF(COUNTIF(Risultati!C9:M9,A8)=0,0,INDEX({30,23,20,17,15,13,11,9,7,6,5},MATCH(A8,Risultati!C9:M9,0))+5+IF(Risultati!N9=A8,INDEX({30,23,20,17,15,13,11,9,7,6,5},MATCH(A8,Risultati!C9:M9,0)),0)) | V8: =IF(COUNTIF(Risultati!C10:M10,A8)=0,0,INDEX({30,23,20,17,15,13,11,9,7,6,5},MATCH(A8,Risultati!C10:M10,0))+5+IF(Risultati!N10=A8,INDEX({30,23,20,17,15,13,11,9,7,6,5},MATCH(A8,Risultati!C10:M10,0)),0)) | W8: =IF(COUNTIF(Risultati!C11:M11,A8)=0,0,INDEX({30,23,20,17,15,13,11,9,7,6,5},MATCH(A8,Risultati!C11:M11,0))+5+IF(Risultati!N11=A8,INDEX({30,23,20,17,15,13,11,9,7,6,5},MATCH(A8,Risultati!C11:M11,0)),0)) | X8: =IF(COUNTIF(Risultati!C12:M12,A8)=0,0,INDEX({30,23,20,17,15,13,11,9,7,6,5},MATCH(A8,Risultati!C12:M12,0))+5+IF(Risultati!N12=A8,INDEX({30,23,20,17,15,13,11,9,7,6,5},MATCH(A8,Risultati!C12:M12,0)),0)) | Y8: =IF(COUNTIF(Risultati!C13:M13,A8)=0,0,INDEX({30,23,20,17,15,13,11,9,7,6,5},MATCH(A8,Risultati!C13:M13,0))+5+IF(Risultati!N13=A8,INDEX({30,23,20,17,15,13,11,9,7,6,5},MATCH(A8,Risultati!C13:M13,0)),0))
A9: Muso | G9: =SMALL(N9:Y9,1) | H9: =SMALL(N9:Y9,2) | N9: =IF(COUNTIF(Risultati!C2:M2,A9)=0,0,INDEX({30,23,20,17,15,13,11,9,7,6,5},MATCH(A9,Risultati!C2:M2,0))+5+IF(Risultati!N2=A9,INDEX({30,23,20,17,15,13,11,9,7,6,5},MATCH(A9,Risultati!C2:M2,0)),0)) | O9: =IF(COUNTIF(Risultati!C3:M3,A9)=0,0,INDEX({30,23,20,17,15,13,11,9,7,6,5},MATCH(A9,Risultati!C3:M3,0))+5+IF(Risultati!N3=A9,INDEX({30,23,20,17,15,13,11,9,7,6,5},MATCH(A9,Risultati!C3:M3,0)),0)) | P9: =IF(COUNTIF(Risultati!C4:M4,A9)=0,0,INDEX({30,23,20,17,15,13,11,9,7,6,5},MATCH(A9,Risultati!C4:M4,0))+5+IF(Risultati!N4=A9,INDEX({30,23,20,17,15,13,11,9,7,6,5},MATCH(A9,Risultati!C4:M4,0)),0)) | Q9: =IF(COUNTIF(Risultati!C5:M5,A9)=0,0,INDEX({30,23,20,17,15,13,11,9,7,6,5},MATCH(A9,Risultati!C5:M5,0))+5+IF(Risultati!N5=A9,INDEX({30,23,20,17,15,13,11,9,7,6,5},MATCH(A9,Risultati!C5:M5,0)),0)) | R9: =IF(COUNTIF(Risultati!C6:M6,A9)=0,0,INDEX({30,23,20,17,15,13,11,9,7,6,5},MATCH(A9,Risultati!C6:M6,0))+5+IF(Risultati!N6=A9,INDEX({30,23,20,17,15,13,11,9,7,6,5},MATCH(A9,Risultati!C6:M6,0)),0)) | S9: =IF(COUNTIF(Risultati!C7:M7,A9)=0,0,INDEX({30,23,20,17,15,13,11,9,7,6,5},MATCH(A9,Risultati!C7:M7,0))+5+IF(Risultati!N7=A9,INDEX({30,23,20,17,15,13,11,9,7,6,5},MATCH(A9,Risultati!C7:M7,0)),0)) | T9: =IF(COUNTIF(Risultati!C8:M8,A9)=0,0,INDEX({30,23,20,17,15,13,11,9,7,6,5},MATCH(A9,Risultati!C8:M8,0))+5+IF(Risultati!N8=A9,INDEX({30,23,20,17,15,13,11,9,7,6,5},MATCH(A9,Risultati!C8:M8,0)),0)) | U9: =IF(COUNTIF(Risultati!C9:M9,A9)=0,0,INDEX({30,23,20,17,15,13,11,9,7,6,5},MATCH(A9,Risultati!C9:M9,0))+5+IF(Risultati!N9=A9,INDEX({30,23,20,17,15,13,11,9,7,6,5},MATCH(A9,Risultati!C9:M9,0)),0)) | V9: =IF(COUNTIF(Risultati!C10:M10,A9)=0,0,INDEX({30,23,20,17,15,13,11,9,7,6,5},MATCH(A9,Risultati!C10:M10,0))+5+IF(Risultati!N10=A9,INDEX({30,23,20,17,15,13,11,9,7,6,5},MATCH(A9,Risultati!C10:M10,0)),0)) | W9: =IF(COUNTIF(Risultati!C11:M11,A9)=0,0,INDEX({30,23,20,17,15,13,11,9,7,6,5},MATCH(A9,Risultati!C11:M11,0))+5+IF(Risultati!N11=A9,INDEX({30,23,20,17,15,13,11,9,7,6,5},MATCH(A9,Risultati!C11:M11,0)),0)) | X9: =IF(COUNTIF(Risultati!C12:M12,A9)=0,0,INDEX({30,23,20,17,15,13,11,9,7,6,5},MATCH(A9,Risultati!C12:M12,0))+5+IF(Risultati!N12=A9,INDEX({30,23,20,17,15,13,11,9,7,6,5},MATCH(A9,Risultati!C12:M12,0)),0)) | Y9: =IF(COUNTIF(Risultati!C13:M13,A9)=0,0,INDEX({30,23,20,17,15,13,11,9,7,6,5},MATCH(A9,Risultati!C13:M13,0))+5+IF(Risultati!N13=A9,INDEX({30,23,20,17,15,13,11,9,7,6,5},MATCH(A9,Risultati!C13:M13,0)),0))
A10: Piero | G10: =SMALL(N10:Y10,1) | H10: =SMALL(N10:Y10,2) | N10: =IF(COUNTIF(Risultati!C2:M2,A10)=0,0,INDEX({30,23,20,17,15,13,11,9,7,6,5},MATCH(A10,Risultati!C2:M2,0))+5+IF(Risultati!N2=A10,INDEX({30,23,20,17,15,13,11,9,7,6,5},MATCH(A10,Risultati!C2:M2,0)),0)) | O10: =IF(COUNTIF(Risultati!C3:M3,A10)=0,0,INDEX({30,23,20,17,15,13,11,9,7,6,5},MATCH(A10,Risultati!C3:M3,0))+5+IF(Risultati!N3=A10,INDEX({30,23,20,17,15,13,11,9,7,6,5},MATCH(A10,Risultati!C3:M3,0)),0)) | P10: =IF(COUNTIF(Risultati!C4:M4,A10)=0,0,INDEX({30,23,20,17,15,13,11,9,7,6,5},MATCH(A10,Risultati!C4:M4,0))+5+IF(Risultati!N4=A10,INDEX({30,23,20,17,15,13,11,9,7,6,5},MATCH(A10,Risultati!C4:M4,0)),0)) | Q10: =IF(COUNTIF(Risultati!C5:M5,A10)=0,0,INDEX({30,23,20,17,15,13,11,9,7,6,5},MATCH(A10,Risultati!C5:M5,0))+5+IF(Risultati!N5=A10,INDEX({30,23,20,17,15,13,11,9,7,6,5},MATCH(A10,Risultati!C5:M5,0)),0)) | R10: =IF(COUNTIF(Risultati!C6:M6,A10)=0,0,INDEX({30,23,20,17,15,13,11,9,7,6,5},MATCH(A10,Risultati!C6:M6,0))+5+IF(Risultati!N6=A10,INDEX({30,23,20,17,15,13,11,9,7,6,5},MATCH(A10,Risultati!C6:M6,0)),0)) | S10: =IF(COUNTIF(Risultati!C7:M7,A10)=0,0,INDEX({30,23,20,17,15,13,11,9,7,6,5},MATCH(A10,Risultati!C7:M7,0))+5+IF(Risultati!N7=A10,INDEX({30,23,20,17,15,13,11,9,7,6,5},MATCH(A10,Risultati!C7:M7,0)),0)) | T10: =IF(COUNTIF(Risultati!C8:M8,A10)=0,0,INDEX({30,23,20,17,15,13,11,9,7,6,5},MATCH(A10,Risultati!C8:M8,0))+5+IF(Risultati!N8=A10,INDEX({30,23,20,17,15,13,11,9,7,6,5},MATCH(A10,Risultati!C8:M8,0)),0)) | U10: =IF(COUNTIF(Risultati!C9:M9,A10)=0,0,INDEX({30,23,20,17,15,13,11,9,7,6,5},MATCH(A10,Risultati!C9:M9,0))+5+IF(Risultati!N9=A10,INDEX({30,23,20,17,15,13,11,9,7,6,5},MATCH(A10,Risultati!C9:M9,0)),0)) | V10: =IF(COUNTIF(Risultati!C10:M10,A10)=0,0,INDEX({30,23,20,17,15,13,11,9,7,6,5},MATCH(A10,Risultati!C10:M10,0))+5+IF(Risultati!N10=A10,INDEX({30,23,20,17,15,13,11,9,7,6,5},MATCH(A10,Risultati!C10:M10,0)),0)) | W10: =IF(COUNTIF(Risultati!C11:M11,A10)=0,0,INDEX({30,23,20,17,15,13,11,9,7,6,5},MATCH(A10,Risultati!C11:M11,0))+5+IF(Risultati!N11=A10,INDEX({30,23,20,17,15,13,11,9,7,6,5},MATCH(A10,Risultati!C11:M11,0)),0)) | X10: =IF(COUNTIF(Risultati!C12:M12,A10)=0,0,INDEX({30,23,20,17,15,13,11,9,7,6,5},MATCH(A10,Risultati!C12:M12,0))+5+IF(Risultati!N12=A10,INDEX({30,23,20,17,15,13,11,9,7,6,5},MATCH(A10,Risultati!C12:M12,0)),0)) | Y10: =IF(COUNTIF(Risultati!C13:M13,A10)=0,0,INDEX({30,23,20,17,15,13,11,9,7,6,5},MATCH(A10,Risultati!C13:M13,0))+5+IF(Risultati!N13=A10,INDEX({30,23,20,17,15,13,11,9,7,6,5},MATCH(A10,Risultati!C13:M13,0)),0))
A11: Salado | G11: =SMALL(N11:Y11,1) | H11: =SMALL(N11:Y11,2) | N11: =IF(COUNTIF(Risultati!C2:M2,A11)=0,0,INDEX({30,23,20,17,15,13,11,9,7,6,5},MATCH(A11,Risultati!C2:M2,0))+5+IF(Risultati!N2=A11,INDEX({30,23,20,17,15,13,11,9,7,6,5},MATCH(A11,Risultati!C2:M2,0)),0)) | O11: =IF(COUNTIF(Risultati!C3:M3,A11)=0,0,INDEX({30,23,20,17,15,13,11,9,7,6,5},MATCH(A11,Risultati!C3:M3,0))+5+IF(Risultati!N3=A11,INDEX({30,23,20,17,15,13,11,9,7,6,5},MATCH(A11,Risultati!C3:M3,0)),0)) | P11: =IF(COUNTIF(Risultati!C4:M4,A11)=0,0,INDEX({30,23,20,17,15,13,11,9,7,6,5},MATCH(A11,Risultati!C4:M4,0))+5+IF(Risultati!N4=A11,INDEX({30,23,20,17,15,13,11,9,7,6,5},MATCH(A11,Risultati!C4:M4,0)),0)) | Q11: =IF(COUNTIF(Risultati!C5:M5,A11)=0,0,INDEX({30,23,20,17,15,13,11,9,7,6,5},MATCH(A11,Risultati!C5:M5,0))+5+IF(Risultati!N5=A11,INDEX({30,23,20,17,15,13,11,9,7,6,5},MATCH(A11,Risultati!C5:M5,0)),0)) | R11: =IF(COUNTIF(Risultati!C6:M6,A11)=0,0,INDEX({30,23,20,17,15,13,11,9,7,6,5},MATCH(A11,Risultati!C6:M6,0))+5+IF(Risultati!N6=A11,INDEX({30,23,20,17,15,13,11,9,7,6,5},MATCH(A11,Risultati!C6:M6,0)),0)) | S11: =IF(COUNTIF(Risultati!C7:M7,A11)=0,0,INDEX({30,23,20,17,15,13,11,9,7,6,5},MATCH(A11,Risultati!C7:M7,0))+5+IF(Risultati!N7=A11,INDEX({30,23,20,17,15,13,11,9,7,6,5},MATCH(A11,Risultati!C7:M7,0)),0)) | T11: =IF(COUNTIF(Risultati!C8:M8,A11)=0,0,INDEX({30,23,20,17,15,13,11,9,7,6,5},MATCH(A11,Risultati!C8:M8,0))+5+IF(Risultati!N8=A11,INDEX({30,23,20,17,15,13,11,9,7,6,5},MATCH(A11,Risultati!C8:M8,0)),0)) | U11: =IF(COUNTIF(Risultati!C9:M9,A11)=0,0,INDEX({30,23,20,17,15,13,11,9,7,6,5},MATCH(A11,Risultati!C9:M9,0))+5+IF(Risultati!N9=A11,INDEX({30,23,20,17,15,13,11,9,7,6,5},MATCH(A11,Risultati!C9:M9,0)),0)) | V11: =IF(COUNTIF(Risultati!C10:M10,A11)=0,0,INDEX({30,23,20,17,15,13,11,9,7,6,5},MATCH(A11,Risultati!C10:M10,0))+5+IF(Risultati!N10=A11,INDEX({30,23,20,17,15,13,11,9,7,6,5},MATCH(A11,Risultati!C10:M10,0)),0)) | W11: =IF(COUNTIF(Risultati!C11:M11,A11)=0,0,INDEX({30,23,20,17,15,13,11,9,7,6,5},MATCH(A11,Risultati!C11:M11,0))+5+IF(Risultati!N11=A11,INDEX({30,23,20,17,15,13,11,9,7,6,5},MATCH(A11,Risultati!C11:M11,0)),0)) | X11: =IF(COUNTIF(Risultati!C12:M12,A11)=0,0,INDEX({30,23,20,17,15,13,11,9,7,6,5},MATCH(A11,Risultati!C12:M12,0))+5+IF(Risultati!N12=A11,INDEX({30,23,20,17,15,13,11,9,7,6,5},MATCH(A11,Risultati!C12:M12,0)),0)) | Y11: =IF(COUNTIF(Risultati!C13:M13,A11)=0,0,INDEX({30,23,20,17,15,13,11,9,7,6,5},MATCH(A11,Risultati!C13:M13,0))+5+IF(Risultati!N13=A11,INDEX({30,23,20,17,15,13,11,9,7,6,5},MATCH(A11,Risultati!C13:M13,0)),0))
A12: Torre | G12: =SMALL(N12:Y12,1) | H12: =SMALL(N12:Y12,2) | N12: =IF(COUNTIF(Risultati!C2:M2,A12)=0,0,INDEX({30,23,20,17,15,13,11,9,7,6,5},MATCH(A12,Risultati!C2:M2,0))+5+IF(Risultati!N2=A12,INDEX({30,23,20,17,15,13,11,9,7,6,5},MATCH(A12,Risultati!C2:M2,0)),0)) | O12: =IF(COUNTIF(Risultati!C3:M3,A12)=0,0,INDEX({30,23,20,17,15,13,11,9,7,6,5},MATCH(A12,Risultati!C3:M3,0))+5+IF(Risultati!N3=A12,INDEX({30,23,20,17,15,13,11,9,7,6,5},MATCH(A12,Risultati!C3:M3,0)),0)) | P12: =IF(COUNTIF(Risultati!C4:M4,A12)=0,0,INDEX({30,23,20,17,15,13,11,9,7,6,5},MATCH(A12,Risultati!C4:M4,0))+5+IF(Risultati!N4=A12,INDEX({30,23,20,17,15,13,11,9,7,6,5},MATCH(A12,Risultati!C4:M4,0)),0)) | Q12: =IF(COUNTIF(Risultati!C5:M5,A12)=0,0,INDEX({30,23,20,17,15,13,11,9,7,6,5},MATCH(A12,Risultati!C5:M5,0))+5+IF(Risultati!N5=A12,INDEX({30,23,20,17,15,13,11,9,7,6,5},MATCH(A12,Risultati!C5:M5,0)),0)) | R12: =IF(COUNTIF(Risultati!C6:M6,A12)=0,0,INDEX({30,23,20,17,15,13,11,9,7,6,5},MATCH(A12,Risultati!C6:M6,0))+5+IF(Risultati!N6=A12,INDEX({30,23,20,17,15,13,11,9,7,6,5},MATCH(A12,Risultati!C6:M6,0)),0)) | S12: =IF(COUNTIF(Risultati!C7:M7,A12)=0,0,INDEX({30,23,20,17,15,13,11,9,7,6,5},MATCH(A12,Risultati!C7:M7,0))+5+IF(Risultati!N7=A12,INDEX({30,23,20,17,15,13,11,9,7,6,5},MATCH(A12,Risultati!C7:M7,0)),0)) | T12: =IF(COUNTIF(Risultati!C8:M8,A12)=0,0,INDEX({30,23,20,17,15,13,11,9,7,6,5},MATCH(A12,Risultati!C8:M8,0))+5+IF(Risultati!N8=A12,INDEX({30,23,20,17,15,13,11,9,7,6,5},MATCH(A12,Risultati!C8:M8,0)),0)) | U12: =IF(COUNTIF(Risultati!C9:M9,A12)=0,0,INDEX({30,23,20,17,15,13,11,9,7,6,5},MATCH(A12,Risultati!C9:M9,0))+5+IF(Risultati!N9=A12,INDEX({30,23,20,17,15,13,11,9,7,6,5},MATCH(A12,Risultati!C9:M9,0)),0)) | V12: =IF(COUNTIF(Risultati!C10:M10,A12)=0,0,INDEX({30,23,20,17,15,13,11,9,7,6,5},MATCH(A12,Risultati!C10:M10,0))+5+IF(Risultati!N10=A12,INDEX({30,23,20,17,15,13,11,9,7,6,5},MATCH(A12,Risultati!C10:M10,0)),0)) | W12: =IF(COUNTIF(Risultati!C11:M11,A12)=0,0,INDEX({30,23,20,17,15,13,11,9,7,6,5},MATCH(A12,Risultati!C11:M11,0))+5+IF(Risultati!N11=A12,INDEX({30,23,20,17,15,13,11,9,7,6,5},MATCH(A12,Risultati!C11:M11,0)),0)) | X12: =IF(COUNTIF(Risultati!C12:M12,A12)=0,0,INDEX({30,23,20,17,15,13,11,9,7,6,5},MATCH(A12,Risultati!C12:M12,0))+5+IF(Risultati!N12=A12,INDEX({30,23,20,17,15,13,11,9,7,6,5},MATCH(A12,Risultati!C12:M12,0)),0)) | Y12: =IF(COUNTIF(Risultati!C13:M13,A12)=0,0,INDEX({30,23,20,17,15,13,11,9,7,6,5},MATCH(A12,Risultati!C13:M13,0))+5+IF(Risultati!N13=A12,INDEX({30,23,20,17,15,13,11,9,7,6,5},MATCH(A12,Risultati!C13:M13,0)),0))
A13: Ube | G13: =SMALL(N13:Y13,1) | H13: =SMALL(N13:Y13,2) | N13: =IF(COUNTIF(Risultati!C2:M2,A13)=0,0,INDEX({30,23,20,17,15,13,11,9,7,6,5},MATCH(A13,Risultati!C2:M2,0))+5+IF(Risultati!N2=A13,INDEX({30,23,20,17,15,13,11,9,7,6,5},MATCH(A13,Risultati!C2:M2,0)),0)) | O13: =IF(COUNTIF(Risultati!C3:M3,A13)=0,0,INDEX({30,23,20,17,15,13,11,9,7,6,5},MATCH(A13,Risultati!C3:M3,0))+5+IF(Risultati!N3=A13,INDEX({30,23,20,17,15,13,11,9,7,6,5},MATCH(A13,Risultati!C3:M3,0)),0)) | P13: =IF(COUNTIF(Risultati!C4:M4,A13)=0,0,INDEX({30,23,20,17,15,13,11,9,7,6,5},MATCH(A13,Risultati!C4:M4,0))+5+IF(Risultati!N4=A13,INDEX({30,23,20,17,15,13,11,9,7,6,5},MATCH(A13,Risultati!C4:M4,0)),0)) | Q13: =IF(COUNTIF(Risultati!C5:M5,A13)=0,0,INDEX({30,23,20,17,15,13,11,9,7,6,5},MATCH(A13,Risultati!C5:M5,0))+5+IF(Risultati!N5=A13,INDEX({30,23,20,17,15,13,11,9,7,6,5},MATCH(A13,Risultati!C5:M5,0)),0)) | R13: =IF(COUNTIF(Risultati!C6:M6,A13)=0,0,INDEX({30,23,20,17,15,13,11,9,7,6,5},MATCH(A13,Risultati!C6:M6,0))+5+IF(Risultati!N6=A13,INDEX({30,23,20,17,15,13,11,9,7,6,5},MATCH(A13,Risultati!C6:M6,0)),0)) | S13: =IF(COUNTIF(Risultati!C7:M7,A13)=0,0,INDEX({30,23,20,17,15,13,11,9,7,6,5},MATCH(A13,Risultati!C7:M7,0))+5+IF(Risultati!N7=A13,INDEX({30,23,20,17,15,13,11,9,7,6,5},MATCH(A13,Risultati!C7:M7,0)),0)) | T13: =IF(COUNTIF(Risultati!C8:M8,A13)=0,0,INDEX({30,23,20,17,15,13,11,9,7,6,5},MATCH(A13,Risultati!C8:M8,0))+5+IF(Risultati!N8=A13,INDEX({30,23,20,17,15,13,11,9,7,6,5},MATCH(A13,Risultati!C8:M8,0)),0)) | U13: =IF(COUNTIF(Risultati!C9:M9,A13)=0,0,INDEX({30,23,20,17,15,13,11,9,7,6,5},MATCH(A13,Risultati!C9:M9,0))+5+IF(Risultati!N9=A13,INDEX({30,23,20,17,15,13,11,9,7,6,5},MATCH(A13,Risultati!C9:M9,0)),0)) | V13: =IF(COUNTIF(Risultati!C10:M10,A13)=0,0,INDEX({30,23,20,17,15,13,11,9,7,6,5},MATCH(A13,Risultati!C10:M10,0))+5+IF(Risultati!N10=A13,INDEX({30,23,20,17,15,13,11,9,7,6,5},MATCH(A13,Risultati!C10:M10,0)),0)) | W13: =IF(COUNTIF(Risultati!C11:M11,A13)=0,0,INDEX({30,23,20,17,15,13,11,9,7,6,5},MATCH(A13,Risultati!C11:M11,0))+5+IF(Risultati!N11=A13,INDEX({30,23,20,17,15,13,11,9,7,6,5},MATCH(A13,Risultati!C11:M11,0)),0)) | X13: =IF(COUNTIF(Risultati!C12:M12,A13)=0,0,INDEX({30,23,20,17,15,13,11,9,7,6,5},MATCH(A13,Risultati!C12:M12,0))+5+IF(Risultati!N12=A13,INDEX({30,23,20,17,15,13,11,9,7,6,5},MATCH(A13,Risultati!C12:M12,0)),0)) | Y13: =IF(COUNTIF(Risultati!C13:M13,A13)=0,0,INDEX({30,23,20,17,15,13,11,9,7,6,5},MATCH(A13,Risultati!C13:M13,0))+5+IF(Risultati!N13=A13,INDEX({30,23,20,17,15,13,11,9,7,6,5},MATCH(A13,Risultati!C13:M13,0)),0))
A14: Uccio | G14: =SMALL(N14:Y14,1) | H14: =SMALL(N14:Y14,2) | N14: =IF(COUNTIF(Risultati!C2:M2,A14)=0,0,INDEX({30,23,20,17,15,13,11,9,7,6,5},MATCH(A14,Risultati!C2:M2,0))+5+IF(Risultati!N2=A14,INDEX({30,23,20,17,15,13,11,9,7,6,5},MATCH(A14,Risultati!C2:M2,0)),0)) | O14: =IF(COUNTIF(Risultati!C3:M3,A14)=0,0,INDEX({30,23,20,17,15,13,11,9,7,6,5},MATCH(A14,Risultati!C3:M3,0))+5+IF(Risultati!N3=A14,INDEX({30,23,20,17,15,13,11,9,7,6,5},MATCH(A14,Risultati!C3:M3,0)),0)) | P14: =IF(COUNTIF(Risultati!C4:M4,A14)=0,0,INDEX({30,23,20,17,15,13,11,9,7,6,5},MATCH(A14,Risultati!C4:M4,0))+5+IF(Risultati!N4=A14,INDEX({30,23,20,17,15,13,11,9,7,6,5},MATCH(A14,Risultati!C4:M4,0)),0)) | Q14: =IF(COUNTIF(Risultati!C5:M5,A14)=0,0,INDEX({30,23,20,17,15,13,11,9,7,6,5},MATCH(A14,Risultati!C5:M5,0))+5+IF(Risultati!N5=A14,INDEX({30,23,20,17,15,13,11,9,7,6,5},MATCH(A14,Risultati!C5:M5,0)),0)) | R14: =IF(COUNTIF(Risultati!C6:M6,A14)=0,0,INDEX({30,23,20,17,15,13,11,9,7,6,5},MATCH(A14,Risultati!C6:M6,0))+5+IF(Risultati!N6=A14,INDEX({30,23,20,17,15,13,11,9,7,6,5},MATCH(A14,Risultati!C6:M6,0)),0)) | S14: =IF(COUNTIF(Risultati!C7:M7,A14)=0,0,INDEX({30,23,20,17,15,13,11,9,7,6,5},MATCH(A14,Risultati!C7:M7,0))+5+IF(Risultati!N7=A14,INDEX({30,23,20,17,15,13,11,9,7,6,5},MATCH(A14,Risultati!C7:M7,0)),0)) | T14: =IF(COUNTIF(Risultati!C8:M8,A14)=0,0,INDEX({30,23,20,17,15,13,11,9,7,6,5},MATCH(A14,Risultati!C8:M8,0))+5+IF(Risultati!N8=A14,INDEX({30,23,20,17,15,13,11,9,7,6,5},MATCH(A14,Risultati!C8:M8,0)),0)) | U14: =IF(COUNTIF(Risultati!C9:M9,A14)=0,0,INDEX({30,23,20,17,15,13,11,9,7,6,5},MATCH(A14,Risultati!C9:M9,0))+5+IF(Risultati!N9=A14,INDEX({30,23,20,17,15,13,11,9,7,6,5},MATCH(A14,Risultati!C9:M9,0)),0)) | V14: =IF(COUNTIF(Risultati!C10:M10,A14)=0,0,INDEX({30,23,20,17,15,13,11,9,7,6,5},MATCH(A14,Risultati!C10:M10,0))+5+IF(Risultati!N10=A14,INDEX({30,23,20,17,15,13,11,9,7,6,5},MATCH(A14,Risultati!C10:M10,0)),0)) | W14: =IF(COUNTIF(Risultati!C11:M11,A14)=0,0,INDEX({30,23,20,17,15,13,11,9,7,6,5},MATCH(A14,Risultati!C11:M11,0))+5+IF(Risultati!N11=A14,INDEX({30,23,20,17,15,13,11,9,7,6,5},MATCH(A14,Risultati!C11:M11,0)),0)) | X14: =IF(COUNTIF(Risultati!C12:M12,A14)=0,0,INDEX({30,23,20,17,15,13,11,9,7,6,5},MATCH(A14,Risultati!C12:M12,0))+5+IF(Risultati!N12=A14,INDEX({30,23,20,17,15,13,11,9,7,6,5},MATCH(A14,Risultati!C12:M12,0)),0)) | Y14: =IF(COUNTIF(Risultati!C13:M13,A14)=0,0,INDEX({30,23,20,17,15,13,11,9,7,6,5},MATCH(A14,Risultati!C13:M13,0))+5+IF(Risultati!N13=A14,INDEX({30,23,20,17,15,13,11,9,7,6,5},MATCH(A14,Risultati!C13:M13,0)),0))

Sheet Regole
A1: F1: 30,23,20,17,15,13,11,9,7,6,5 + 5 punti presenza
A2: 1 Jolly: raddoppia i punti F1 della giornata
A3: 2 peggiori risultati scartati automaticamente
