Workbook
Name ElencoGiocatori: Regole!$A$2:$A$12

Sheet Risultati
A1: TORNEO DI BRISCOLA IN CINQUE · 2026–2027
A2: Scegli un piazzamento dal menu per ogni presente. Vuoto = assente. Scegli il jolly nella riga dedicata.
A4: Giocatore | B4: 46324 | C4: 46338 | D4: 46352 | E4: 46366 | F4: 46394 | G4: 46408 | H4: 46422 | I4: 46436 | J4: 46450 | K4: 46464 | L4: 46478 | M4: 46492
A5: Fanfo | B5: 5
A6: Generale | B6: 4
A7: Giopowie | B7: 1
A8: Lorenzo
A9: Maldo | B9: 6
A10: Muso
A11: Piero | B11: 2
A12: Salado | B12: 7
A13: Torre | B13: 3
A14: Ube
A15: Uccio
A17: Jolly (scegli giocatore)
A18: Serata valida (5+) | B18: =IF(COUNT(B$5:B$15)>=5,"VALIDA","MINIMO 5") -> VALIDA | C18: =IF(COUNT(C$5:C$15)>=5,"VALIDA","MINIMO 5") -> MINIMO 5 | D18: =IF(COUNT(D$5:D$15)>=5,"VALIDA","MINIMO 5") -> MINIMO 5 | E18: =IF(COUNT(E$5:E$15)>=5,"VALIDA","MINIMO 5") -> MINIMO 5 | F18: =IF(COUNT(F$5:F$15)>=5,"VALIDA","MINIMO 5") -> MINIMO 5 | G18: =IF(COUNT(G$5:G$15)>=5,"VALIDA","MINIMO 5") -> MINIMO 5 | H18: =IF(COUNT(H$5:H$15)>=5,"VALIDA","MINIMO 5") -> MINIMO 5 | I18: =IF(COUNT(I$5:I$15)>=5,"VALIDA","MINIMO 5") -> MINIMO 5 | ... M18: =IF(COUNT(M$5:M$15)>=5,"VALIDA","MINIMO 5") -> MINIMO 5

Sheet Classifica
A1: CLASSIFICA DEL TORNEO
A2: I totali si aggiornano quando apri il file in Excel.
A4: Pos. | B4: Giocatore | C4: Presenze | D4: Vittorie | E4: Secondi | F4: Terzi | G4: Punti lordi | H4: Scarto 1 | I4: Scarto 2 | J4: Punti netti
A5: =IF(COUNT(Dettaglio!B5:M5)=0,"—",_xludf.RANK.EQ(J5,$J$5:$J$15,0)) -> #NAME? | B5: Fanfo | C5: =SUM(IF(COUNT(Risultati!B$5:B$15)>=5,IF(ISNUMBER(Risultati!B5),1,0),0),IF(COUNT(Risultati!C$5:C$15)>=5,IF(ISNUMBER(Risultati!C5),1,0),0),IF(COUNT(Risultati!D$5:D$15)>=5,IF(ISNUMBER(Risultati!D5),1,0),0),IF(COUNT(Risultati!E$5:E$15)>=5,IF(ISNUMBER(Risultati!E5),1,0),0),IF(COUNT(Risultati!F$5:F$15)>=5,IF(ISNUMBER(Risultati!F5),1,0),0),IF(COUNT(Risultati!G$5:G$15)>=5,IF(ISNUMBER(Risultati!G5),1,0),0),IF(COUNT(Risultati!H$5:H$15)>=5,IF(ISNUMBER(Risultati!H5),1,0),0),IF(COUNT(Risultati!I$5:I$15)>=5,IF(ISNUMBER(Risultati!I5),1,0),0),IF(COUNT(Risultati!J$5:J$15)>=5,IF(ISNUMBER(Risultati!J5),1,0),0),IF(COUNT(Risultati!K$5:K$15)>=5,IF(ISNUMBER(Risultati!K5),1,0),0),IF(COUNT(Risultati!L$5:L$15)>=5,IF(ISNUMBER(Risultati!L5),1,0),0),IF(COUNT(Risultati!M$5:M$15)>=5,IF(ISNUMBER(Risultati!M5),1,0),0)) -> 1 | D5: =SUM(IF(COUNT(Risultati!B$5:B$15)>=5,IF(Risultati!B5=1,1,0),0),IF(COUNT(Risultati!C$5:C$15)>=5,IF(Risultati!C5=1,1,0),0),IF(COUNT(Risultati!D$5:D$15)>=5,IF(Risultati!D5=1,1,0),0),IF(COUNT(Risultati!E$5:E$15)>=5,IF(Risultati!E5=1,1,0),0),IF(COUNT(Risultati!F$5:F$15)>=5,IF(Risultati!F5=1,1,0),0),IF(COUNT(Risultati!G$5:G$15)>=5,IF(Risultati!G5=1,1,0),0),IF(COUNT(Risultati!H$5:H$15)>=5,IF(Risultati!H5=1,1,0),0),IF(COUNT(Risultati!I$5:I$15)>=5,IF(Risultati!I5=1,1,0),0),IF(COUNT(Risultati!J$5:J$15)>=5,IF(Risultati!J5=1,1,0),0),IF(COUNT(Risultati!K$5:K$15)>=5,IF(Risultati!K5=1,1,0),0),IF(COUNT(Risultati!L$5:L$15)>=5,IF(Risultati!L5=1,1,0),0),IF(COUNT(Risultati!M$5:M$15)>=5,IF(Risultati!M5=1,1,0),0)) -> 0 | E5: =SUM(IF(COUNT(Risultati!B$5:B$15)>=5,IF(Risultati!B5=2,1,0),0),IF(COUNT(Risultati!C$5:C$15)>=5,IF(Risultati!C5=2,1,0),0),IF(COUNT(Risultati!D$5:D$15)>=5,IF(Risultati!D5=2,1,0),0),IF(COUNT(Risultati!E$5:E$15)>=5,IF(Risultati!E5=2,1,0),0),IF(COUNT(Risultati!F$5:F$15)>=5,IF(Risultati!F5=2,1,0),0),IF(COUNT(Risultati!G$5:G$15)>=5,IF(Risultati!G5=2,1,0),0),IF(COUNT(Risultati!H$5:H$15)>=5,IF(Risultati!H5=2,1,0),0),IF(COUNT(Risultati!I$5:I$15)>=5,IF(Risultati!I5=2,1,0),0),IF(COUNT(Risultati!J$5:J$15)>=5,IF(Risultati!J5=2,1,0),0),IF(COUNT(Risultati!K$5:K$15)>=5,IF(Risultati!K5=2,1,0),0),IF(COUNT(Risultati!L$5:L$15)>=5,IF(Risultati!L5=2,1,0),0),IF(COUNT(Risultati!M$5:M$15)>=5,IF(Risultati!M5=2,1,0),0)) -> 0 | F5: =SUM(IF(COUNT(Risultati!B$5:B$15)>=5,IF(Risultati!B5=3,1,0),0),IF(COUNT(Risultati!C$5:C$15)>=5,IF(Risultati!C5=3,1,0),0),IF(COUNT(Risultati!D$5:D$15)>=5,IF(Risultati!D5=3,1,0),0),IF(COUNT(Risultati!E$5:E$15)>=5,IF(Risultati!E5=3,1,0),0),IF(COUNT(Risultati!F$5:F$15)>=5,IF(Risultati!F5=3,1,0),0),IF(COUNT(Risultati!G$5:G$15)>=5,IF(Risultati!G5=3,1,0),0),IF(COUNT(Risultati!H$5:H$15)>=5,IF(Risultati!H5=3,1,0),0),IF(COUNT(Risultati!I$5:I$15)>=5,IF(Risultati!I5=3,1,0),0),IF(COUNT(Risultati!J$5:J$15)>=5,IF(Risultati!J5=3,1,0),0),IF(COUNT(Risultati!K$5:K$15)>=5,IF(Risultati!K5=3,1,0),0),IF(COUNT(Risultati!L$5:L$15)>=5,IF(Risultati!L5=3,1,0),0),IF(COUNT(Risultati!M$5:M$15)>=5,IF(Risultati!M5=3,1,0),0)) -> 0 | G5: =SUM(Dettaglio!B5:M5) -> 15 | H5: =IF(COUNT(Dettaglio!B5:M5)=0,"—",SMALL(Dettaglio!B5:M5,1)) -> 15 | I5: =IF(COUNT(Dettaglio!B5:M5)<2,"—",SMALL(Dettaglio!B5:M5,2)) -> — | J5: =G5-IF(ISNUMBER(H5),H5,0)-IF(ISNUMBER(I5),I5,0) -> 0
A6: =IF(COUNT(Dettaglio!B6:M6)=0,"—",_xludf.RANK.EQ(J6,$J$5:$J$15,0)) -> #NAME? | B6: Generale | C6: =SUM(IF(COUNT(Risultati!B$5:B$15)>=5,IF(ISNUMBER(Risultati!B6),1,0),0),IF(COUNT(Risultati!C$5:C$15)>=5,IF(ISNUMBER(Risultati!C6),1,0),0),IF(COUNT(Risultati!D$5:D$15)>=5,IF(ISNUMBER(Risultati!D6),1,0),0),IF(COUNT(Risultati!E$5:E$15)>=5,IF(ISNUMBER(Risultati!E6),1,0),0),IF(COUNT(Risultati!F$5:F$15)>=5,IF(ISNUMBER(Risultati!F6),1,0),0),IF(COUNT(Risultati!G$5:G$15)>=5,IF(ISNUMBER(Risultati!G6),1,0),0),IF(COUNT(Risultati!H$5:H$15)>=5,IF(ISNUMBER(Risultati!H6),1,0),0),IF(COUNT(Risultati!I$5:I$15)>=5,IF(ISNUMBER(Risultati!I6),1,0),0),IF(COUNT(Risultati!J$5:J$15)>=5,IF(ISNUMBER(Risultati!J6),1,0),0),IF(COUNT(Risultati!K$5:K$15)>=5,IF(ISNUMBER(Risultati!K6),1,0),0),IF(COUNT(Risultati!L$5:L$15)>=5,IF(ISNUMBER(Risultati!L6),1,0),0),IF(COUNT(Risultati!M$5:M$15)>=5,IF(ISNUMBER(Risultati!M6),1,0),0)) -> 1 | D6: =SUM(IF(COUNT(Risultati!B$5:B$15)>=5,IF(Risultati!B6=1,1,0),0),IF(COUNT(Risultati!C$5:C$15)>=5,IF(Risultati!C6=1,1,0),0),IF(COUNT(Risultati!D$5:D$15)>=5,IF(Risultati!D6=1,1,0),0),IF(COUNT(Risultati!E$5:E$15)>=5,IF(Risultati!E6=1,1,0),0),IF(COUNT(Risultati!F$5:F$15)>=5,IF(Risultati!F6=1,1,0),0),IF(COUNT(Risultati!G$5:G$15)>=5,IF(Risultati!G6=1,1,0),0),IF(COUNT(Risultati!H$5:H$15)>=5,IF(Risultati!H6=1,1,0),0),IF(COUNT(Risultati!I$5:I$15)>=5,IF(Risultati!I6=1,1,0),0),IF(COUNT(Risultati!J$5:J$15)>=5,IF(Risultati!J6=1,1,0),0),IF(COUNT(Risultati!K$5:K$15)>=5,IF(Risultati!K6=1,1,0),0),IF(COUNT(Risultati!L$5:L$15)>=5,IF(Risultati!L6=1,1,0),0),IF(COUNT(Risultati!M$5:M$15)>=5,IF(Risultati!M6=1,1,0),0)) -> 0 | E6: =SUM(IF(COUNT(Risultati!B$5:B$15)>=5,IF(Risultati!B6=2,1,0),0),IF(COUNT(Risultati!C$5:C$15)>=5,IF(Risultati!C6=2,1,0),0),IF(COUNT(Risultati!D$5:D$15)>=5,IF(Risultati!D6=2,1,0),0),IF(COUNT(Risultati!E$5:E$15)>=5,IF(Risultati!E6=2,1,0),0),IF(COUNT(Risultati!F$5:F$15)>=5,IF(Risultati!F6=2,1,0),0),IF(COUNT(Risultati!G$5:G$15)>=5,IF(Risultati!G6=2,1,0),0),IF(COUNT(Risultati!H$5:H$15)>=5,IF(Risultati!H6=2,1,0),0),IF(COUNT(Risultati!I$5:I$15)>=5,IF(Risultati!I6=2,1,0),0),IF(COUNT(Risultati!J$5:J$15)>=5,IF(Risultati!J6=2,1,0),0),IF(COUNT(Risultati!K$5:K$15)>=5,IF(Risultati!K6=2,1,0),0),IF(COUNT(Risultati!L$5:L$15)>=5,IF(Risultati!L6=2,1,0),0),IF(COUNT(Risultati!M$5:M$15)>=5,IF(Risultati!M6=2,1,0),0)) -> 0 | F6: =SUM(IF(COUNT(Risultati!B$5:B$15)>=5,IF(Risultati!B6=3,1,0),0),IF(COUNT(Risultati!C$5:C$15)>=5,IF(Risultati!C6=3,1,0),0),IF(COUNT(Risultati!D$5:D$15)>=5,IF(Risultati!D6=3,1,0),0),IF(COUNT(Risultati!E$5:E$15)>=5,IF(Risultati!E6=3,1,0),0),IF(COUNT(Risultati!F$5:F$15)>=5,IF(Risultati!F6=3,1,0),0),IF(COUNT(Risultati!G$5:G$15)>=5,IF(Risultati!G6=3,1,0),0),IF(COUNT(Risultati!H$5:H$15)>=5,IF(Risultati!H6=3,1,0),0),IF(COUNT(Risultati!I$5:I$15)>=5,IF(Risultati!I6=3,1,0),0),IF(COUNT(Risultati!J$5:J$15)>=5,IF(Risultati!J6=3,1,0),0),IF(COUNT(Risultati!K$5:K$15)>=5,IF(Risultati!K6=3,1,0),0),IF(COUNT(Risultati!L$5:L$15)>=5,IF(Risultati!L6=3,1,0),0),IF(COUNT(Risultati!M$5:M$15)>=5,IF(Risultati!M6=3,1,0),0)) -> 0 | G6: =SUM(Dettaglio!B6:M6) -> 17 | H6: =IF(COUNT(Dettaglio!B6:M6)=0,"—",SMALL(Dettaglio!B6:M6,1)) -> 17 | I6: =IF(COUNT(Dettaglio!B6:M6)<2,"—",SMALL(Dettaglio!B6:M6,2)) -> — | J6: =G6-IF(ISNUMBER(H6),H6,0)-IF(ISNUMBER(I6),I6,0) -> 0
A7: =IF(COUNT(Dettaglio!B7:M7)=0,"—",_xludf.RANK.EQ(J7,$J$5:$J$15,0)) -> #NAME? | B7: Giopowie | C7: =SUM(IF(COUNT(Risultati!B$5:B$15)>=5,IF(ISNUMBER(Risultati!B7),1,0),0),IF(COUNT(Risultati!C$5:C$15)>=5,IF(ISNUMBER(Risultati!C7),1,0),0),IF(COUNT(Risultati!D$5:D$15)>=5,IF(ISNUMBER(Risultati!D7),1,0),0),IF(COUNT(Risultati!E$5:E$15)>=5,IF(ISNUMBER(Risultati!E7),1,0),0),IF(COUNT(Risultati!F$5:F$15)>=5,IF(ISNUMBER(Risultati!F7),1,0),0),IF(COUNT(Risultati!G$5:G$15)>=5,IF(ISNUMBER(Risultati!G7),1,0),0),IF(COUNT(Risultati!H$5:H$15)>=5,IF(ISNUMBER(Risultati!H7),1,0),0),IF(COUNT(Risultati!I$5:I$15)>=5,IF(ISNUMBER(Risultati!I7),1,0),0),IF(COUNT(Risultati!J$5:J$15)>=5,IF(ISNUMBER(Risultati!J7),1,0),0),IF(COUNT(Risultati!K$5:K$15)>=5,IF(ISNUMBER(Risultati!K7),1,0),0),IF(COUNT(Risultati!L$5:L$15)>=5,IF(ISNUMBER(Risultati!L7),1,0),0),IF(COUNT(Risultati!M$5:M$15)>=5,IF(ISNUMBER(Risultati!M7),1,0),0)) -> 1 | D7: =SUM(IF(COUNT(Risultati!B$5:B$15)>=5,IF(Risultati!B7=1,1,0),0),IF(COUNT(Risultati!C$5:C$15)>=5,IF(Risultati!C7=1,1,0),0),IF(COUNT(Risultati!D$5:D$15)>=5,IF(Risultati!D7=1,1,0),0),IF(COUNT(Risultati!E$5:E$15)>=5,IF(Risultati!E7=1,1,0),0),IF(COUNT(Risultati!F$5:F$15)>=5,IF(Risultati!F7=1,1,0),0),IF(COUNT(Risultati!G$5:G$15)>=5,IF(Risultati!G7=1,1,0),0),IF(COUNT(Risultati!H$5:H$15)>=5,IF(Risultati!H7=1,1,0),0),IF(COUNT(Risultati!I$5:I$15)>=5,IF(Risultati!I7=1,1,0),0),IF(COUNT(Risultati!J$5:J$15)>=5,IF(Risultati!J7=1,1,0),0),IF(COUNT(Risultati!K$5:K$15)>=5,IF(Risultati!K7=1,1,0),0),IF(COUNT(Risultati!L$5:L$15)>=5,IF(Risultati!L7=1,1,0),0),IF(COUNT(Risultati!M$5:M$15)>=5,IF(Risultati!M7=1,1,0),0)) -> 1 | E7: =SUM(IF(COUNT(Risultati!B$5:B$15)>=5,IF(Risultati!B7=2,1,0),0),IF(COUNT(Risultati!C$5:C$15)>=5,IF(Risultati!C7=2,1,0),0),IF(COUNT(Risultati!D$5:D$15)>=5,IF(Risultati!D7=2,1,0),0),IF(COUNT(Risultati!E$5:E$15)>=5,IF(Risultati!E7=2,1,0),0),IF(COUNT(Risultati!F$5:F$15)>=5,IF(Risultati!F7=2,1,0),0),IF(COUNT(Risultati!G$5:G$15)>=5,IF(Risultati!G7=2,1,0),0),IF(COUNT(Risultati!H$5:H$15)>=5,IF(Risultati!H7=2,1,0),0),IF(COUNT(Risultati!I$5:I$15)>=5,IF(Risultati!I7=2,1,0),0),IF(COUNT(Risultati!J$5:J$15)>=5,IF(Risultati!J7=2,1,0),0),IF(COUNT(Risultati!K$5:K$15)>=5,IF(Risultati!K7=2,1,0),0),IF(COUNT(Risultati!L$5:L$15)>=5,IF(Risultati!L7=2,1,0),0),IF(COUNT(Risultati!M$5:M$15)>=5,IF(Risultati!M7=2,1,0),0)) -> 0 | F7: =SUM(IF(COUNT(Risultati!B$5:B$15)>=5,IF(Risultati!B7=3,1,0),0),IF(COUNT(Risultati!C$5:C$15)>=5,IF(Risultati!C7=3,1,0),0),IF(COUNT(Risultati!D$5:D$15)>=5,IF(Risultati!D7=3,1,0),0),IF(COUNT(Risultati!E$5:E$15)>=5,IF(Risultati!E7=3,1,0),0),IF(COUNT(Risultati!F$5:F$15)>=5,IF(Risultati!F7=3,1,0),0),IF(COUNT(Risultati!G$5:G$15)>=5,IF(Risultati!G7=3,1,0),0),IF(COUNT(Risultati!H$5:H$15)>=5,IF(Risultati!H7=3,1,0),0),IF(COUNT(Risultati!I$5:I$15)>=5,IF(Risultati!I7=3,1,0),0),IF(COUNT(Risultati!J$5:J$15)>=5,IF(Risultati!J7=3,1,0),0),IF(COUNT(Risultati!K$5:K$15)>=5,IF(Risultati!K7=3,1,0),0),IF(COUNT(Risultati!L$5:L$15)>=5,IF(Risultati!L7=3,1,0),0),IF(COUNT(Risultati!M$5:M$15)>=5,IF(Risultati!M7=3,1,0),0)) -> 0 | G7: =SUM(Dettaglio!B7:M7) -> 30 | H7: =IF(COUNT(Dettaglio!B7:M7)=0,"—",SMALL(Dettaglio!B7:M7,1)) -> 30 | I7: =IF(COUNT(Dettaglio!B7:M7)<2,"—",SMALL(Dettaglio!B7:M7,2)) -> — | J7: =G7-IF(ISNUMBER(H7),H7,0)-IF(ISNUMBER(I7),I7,0) -> 0
A8: =IF(COUNT(Dettaglio!B8:M8)=0,"—",_xludf.RANK.EQ(J8,$J$5:$J$15,0)) -> #NAME? | B8: Lorenzo | C8: =SUM(IF(COUNT(Risultati!B$5:B$15)>=5,IF(ISNUMBER(Risultati!B8),1,0),0),IF(COUNT(Risultati!C$5:C$15)>=5,IF(ISNUMBER(Risultati!C8),1,0),0),IF(COUNT(Risultati!D$5:D$15)>=5,IF(ISNUMBER(Risultati!D8),1,0),0),IF(COUNT(Risultati!E$5:E$15)>=5,IF(ISNUMBER(Risultati!E8),1,0),0),IF(COUNT(Risultati!F$5:F$15)>=5,IF(ISNUMBER(Risultati!F8),1,0),0),IF(COUNT(Risultati!G$5:G$15)>=5,IF(ISNUMBER(Risultati!G8),1,0),0),IF(COUNT(Risultati!H$5:H$15)>=5,IF(ISNUMBER(Risultati!H8),1,0),0),IF(COUNT(Risultati!I$5:I$15)>=5,IF(ISNUMBER(Risultati!I8),1,0),0),IF(COUNT(Risultati!J$5:J$15)>=5,IF(ISNUMBER(Risultati!J8),1,0),0),IF(COUNT(Risultati!K$5:K$15)>=5,IF(ISNUMBER(Risultati!K8),1,0),0),IF(COUNT(Risultati!L$5:L$15)>=5,IF(ISNUMBER(Risultati!L8),1,0),0),IF(COUNT(Risultati!M$5:M$15)>=5,IF(ISNUMBER(Risultati!M8),1,0),0)) -> 0 | D8: =SUM(IF(COUNT(Risultati!B$5:B$15)>=5,IF(Risultati!B8=1,1,0),0),IF(COUNT(Risultati!C$5:C$15)>=5,IF(Risultati!C8=1,1,0),0),IF(COUNT(Risultati!D$5:D$15)>=5,IF(Risultati!D8=1,1,0),0),IF(COUNT(Risultati!E$5:E$15)>=5,IF(Risultati!E8=1,1,0),0),IF(COUNT(Risultati!F$5:F$15)>=5,IF(Risultati!F8=1,1,0),0),IF(COUNT(Risultati!G$5:G$15)>=5,IF(Risultati!G8=1,1,0),0),IF(COUNT(Risultati!H$5:H$15)>=5,IF(Risultati!H8=1,1,0),0),IF(COUNT(Risultati!I$5:I$15)>=5,IF(Risultati!I8=1,1,0),0),IF(COUNT(Risultati!J$5:J$15)>=5,IF(Risultati!J8=1,1,0),0),IF(COUNT(Risultati!K$5:K$15)>=5,IF(Risultati!K8=1,1,0),0),IF(COUNT(Risultati!L$5:L$15)>=5,IF(Risultati!L8=1,1,0),0),IF(COUNT(Risultati!M$5:M$15)>=5,IF(Risultati!M8=1,1,0),0)) -> 0 | E8: =SUM(IF(COUNT(Risultati!B$5:B$15)>=5,IF(Risultati!B8=2,1,0),0),IF(COUNT(Risultati!C$5:C$15)>=5,IF(Risultati!C8=2,1,0),0),IF(COUNT(Risultati!D$5:D$15)>=5,IF(Risultati!D8=2,1,0),0),IF(COUNT(Risultati!E$5:E$15)>=5,IF(Risultati!E8=2,1,0),0),IF(COUNT(Risultati!F$5:F$15)>=5,IF(Risultati!F8=2,1,0),0),IF(COUNT(Risultati!G$5:G$15)>=5,IF(Risultati!G8=2,1,0),0),IF(COUNT(Risultati!H$5:H$15)>=5,IF(Risultati!H8=2,1,0),0),IF(COUNT(Risultati!I$5:I$15)>=5,IF(Risultati!I8=2,1,0),0),IF(COUNT(Risultati!J$5:J$15)>=5,IF(Risultati!J8=2,1,0),0),IF(COUNT(Risultati!K$5:K$15)>=5,IF(Risultati!K8=2,1,0),0),IF(COUNT(Risultati!L$5:L$15)>=5,IF(Risultati!L8=2,1,0),0),IF(COUNT(Risultati!M$5:M$15)>=5,IF(Risultati!M8=2,1,0),0)) -> 0 | F8: =SUM(IF(COUNT(Risultati!B$5:B$15)>=5,IF(Risultati!B8=3,1,0),0),IF(COUNT(Risultati!C$5:C$15)>=5,IF(Risultati!C8=3,1,0),0),IF(COUNT(Risultati!D$5:D$15)>=5,IF(Risultati!D8=3,1,0),0),IF(COUNT(Risultati!E$5:E$15)>=5,IF(Risultati!E8=3,1,0),0),IF(COUNT(Risultati!F$5:F$15)>=5,IF(Risultati!F8=3,1,0),0),IF(COUNT(Risultati!G$5:G$15)>=5,IF(Risultati!G8=3,1,0),0),IF(COUNT(Risultati!H$5:H$15)>=5,IF(Risultati!H8=3,1,0),0),IF(COUNT(Risultati!I$5:I$15)>=5,IF(Risultati!I8=3,1,0),0),IF(COUNT(Risultati!J$5:J$15)>=5,IF(Risultati!J8=3,1,0),0),IF(COUNT(Risultati!K$5:K$15)>=5,IF(Risultati!K8=3,1,0),0),IF(COUNT(Risultati!L$5:L$15)>=5,IF(Risultati!L8=3,1,0),0),IF(COUNT(Risultati!M$5:M$15)>=5,IF(Risultati!M8=3,1,0),0)) -> 0 | G8: =SUM(Dettaglio!B8:M8) -> 0 | H8: =IF(COUNT(Dettaglio!B8:M8)=0,"—",SMALL(Dettaglio!B8:M8,1)) -> 0 | I8: =IF(COUNT(Dettaglio!B8:M8)<2,"—",SMALL(Dettaglio!B8:M8,2)) -> — | J8: =G8-IF(ISNUMBER(H8),H8,0)-IF(ISNUMBER(I8),I8,0) -> 0
A9: =IF(COUNT(Dettaglio!B9:M9)=0,"—",_xludf.RANK.EQ(J9,$J$5:$J$15,0)) -> #NAME? | B9: Maldo | C9: =SUM(IF(COUNT(Risultati!B$5:B$15)>=5,IF(ISNUMBER(Risultati!B9),1,0),0),IF(COUNT(Risultati!C$5:C$15)>=5,IF(ISNUMBER(Risultati!C9),1,0),0),IF(COUNT(Risultati!D$5:D$15)>=5,IF(ISNUMBER(Risultati!D9),1,0),0),IF(COUNT(Risultati!E$5:E$15)>=5,IF(ISNUMBER(Risultati!E9),1,0),0),IF(COUNT(Risultati!F$5:F$15)>=5,IF(ISNUMBER(Risultati!F9),1,0),0),IF(COUNT(Risultati!G$5:G$15)>=5,IF(ISNUMBER(Risultati!G9),1,0),0),IF(COUNT(Risultati!H$5:H$15)>=5,IF(ISNUMBER(Risultati!H9),1,0),0),IF(COUNT(Risultati!I$5:I$15)>=5,IF(ISNUMBER(Risultati!I9),1,0),0),IF(COUNT(Risultati!J$5:J$15)>=5,IF(ISNUMBER(Risultati!J9),1,0),0),IF(COUNT(Risultati!K$5:K$15)>=5,IF(ISNUMBER(Risultati!K9),1,0),0),IF(COUNT(Risultati!L$5:L$15)>=5,IF(ISNUMBER(Risultati!L9),1,0),0),IF(COUNT(Risultati!M$5:M$15)>=5,IF(ISNUMBER(Risultati!M9),1,0),0)) -> 1 | D9: =SUM(IF(COUNT(Risultati!B$5:B$15)>=5,IF(Risultati!B9=1,1,0),0),IF(COUNT(Risultati!C$5:C$15)>=5,IF(Risultati!C9=1,1,0),0),IF(COUNT(Risultati!D$5:D$15)>=5,IF(Risultati!D9=1,1,0),0),IF(COUNT(Risultati!E$5:E$15)>=5,IF(Risultati!E9=1,1,0),0),IF(COUNT(Risultati!F$5:F$15)>=5,IF(Risultati!F9=1,1,0),0),IF(COUNT(Risultati!G$5:G$15)>=5,IF(Risultati!G9=1,1,0),0),IF(COUNT(Risultati!H$5:H$15)>=5,IF(Risultati!H9=1,1,0),0),IF(COUNT(Risultati!I$5:I$15)>=5,IF(Risultati!I9=1,1,0),0),IF(COUNT(Risultati!J$5:J$15)>=5,IF(Risultati!J9=1,1,0),0),IF(COUNT(Risultati!K$5:K$15)>=5,IF(Risultati!K9=1,1,0),0),IF(COUNT(Risultati!L$5:L$15)>=5,IF(Risultati!L9=1,1,0),0),IF(COUNT(Risultati!M$5:M$15)>=5,IF(Risultati!M9=1,1,0),0)) -> 0 | E9: =SUM(IF(COUNT(Risultati!B$5:B$15)>=5,IF(Risultati!B9=2,1,0),0),IF(COUNT(Risultati!C$5:C$15)>=5,IF(Risultati!C9=2,1,0),0),IF(COUNT(Risultati!D$5:D$15)>=5,IF(Risultati!D9=2,1,0),0),IF(COUNT(Risultati!E$5:E$15)>=5,IF(Risultati!E9=2,1,0),0),IF(COUNT(Risultati!F$5:F$15)>=5,IF(Risultati!F9=2,1,0),0),IF(COUNT(Risultati!G$5:G$15)>=5,IF(Risultati!G9=2,1,0),0),IF(COUNT(Risultati!H$5:H$15)>=5,IF(Risultati!H9=2,1,0),0),IF(COUNT(Risultati!I$5:I$15)>=5,IF(Risultati!I9=2,1,0),0),IF(COUNT(Risultati!J$5:J$15)>=5,IF(Risultati!J9=2,1,0),0),IF(COUNT(Risultati!K$5:K$15)>=5,IF(Risultati!K9=2,1,0),0),IF(COUNT(Risultati!L$5:L$15)>=5,IF(Risultati!L9=2,1,0),0),IF(COUNT(Risultati!M$5:M$15)>=5,IF(Risultati!M9=2,1,0),0)) -> 0 | F9: =SUM(IF(COUNT(Risultati!B$5:B$15)>=5,IF(Risultati!B9=3,1,0),0),IF(COUNT(Risultati!C$5:C$15)>=5,IF(Risultati!C9=3,1,0),0),IF(COUNT(Risultati!D$5:D$15)>=5,IF(Risultati!D9=3,1,0),0),IF(COUNT(Risultati!E$5:E$15)>=5,IF(Risultati!E9=3,1,0),0),IF(COUNT(Risultati!F$5:F$15)>=5,IF(Risultati!F9=3,1,0),0),IF(COUNT(Risultati!G$5:G$15)>=5,IF(Risultati!G9=3,1,0),0),IF(COUNT(Risultati!H$5:H$15)>=5,IF(Risultati!H9=3,1,0),0),IF(COUNT(Risultati!I$5:I$15)>=5,IF(Risultati!I9=3,1,0),0),IF(COUNT(Risultati!J$5:J$15)>=5,IF(Risultati!J9=3,1,0),0),IF(COUNT(Risultati!K$5:K$15)>=5,IF(Risultati!K9=3,1,0),0),IF(COUNT(Risultati!L$5:L$15)>=5,IF(Risultati!L9=3,1,0),0),IF(COUNT(Risultati!M$5:M$15)>=5,IF(Risultati!M9=3,1,0),0)) -> 0 | G9: =SUM(Dettaglio!B9:M9) -> 13 | H9: =IF(COUNT(Dettaglio!B9:M9)=0,"—",SMALL(Dettaglio!B9:M9,1)) -> 13 | I9: =IF(COUNT(Dettaglio!B9:M9)<2,"—",SMALL(Dettaglio!B9:M9,2)) -> — | J9: =G9-IF(ISNUMBER(H9),H9,0)-IF(ISNUMBER(I9),I9,0) -> 0
A10: =IF(COUNT(Dettaglio!B10:M10)=0,"—",_xludf.RANK.EQ(J10,$J$5:$J$15,0)) -> #NAME? | B10: Muso | C10: =SUM(IF(COUNT(Risultati!B$5:B$15)>=5,IF(ISNUMBER(Risultati!B10),1,0),0),IF(COUNT(Risultati!C$5:C$15)>=5,IF(ISNUMBER(Risultati!C10),1,0),0),IF(COUNT(Risultati!D$5:D$15)>=5,IF(ISNUMBER(Risultati!D10),1,0),0),IF(COUNT(Risultati!E$5:E$15)>=5,IF(ISNUMBER(Risultati!E10),1,0),0),IF(COUNT(Risultati!F$5:F$15)>=5,IF(ISNUMBER(Risultati!F10),1,0),0),IF(COUNT(Risultati!G$5:G$15)>=5,IF(ISNUMBER(Risultati!G10),1,0),0),IF(COUNT(Risultati!H$5:H$15)>=5,IF(ISNUMBER(Risultati!H10),1,0),0),IF(COUNT(Risultati!I$5:I$15)>=5,IF(ISNUMBER(Risultati!I10),1,0),0),IF(COUNT(Risultati!J$5:J$15)>=5,IF(ISNUMBER(Risultati!J10),1,0),0),IF(COUNT(Risultati!K$5:K$15)>=5,IF(ISNUMBER(Risultati!K10),1,0),0),IF(COUNT(Risultati!L$5:L$15)>=5,IF(ISNUMBER(Risultati!L10),1,0),0),IF(COUNT(Risultati!M$5:M$15)>=5,IF(ISNUMBER(Risultati!M10),1,0),0)) -> 0 | D10: =SUM(IF(COUNT(Risultati!B$5:B$15)>=5,IF(Risultati!B10=1,1,0),0),IF(COUNT(Risultati!C$5:C$15)>=5,IF(Risultati!C10=1,1,0),0),IF(COUNT(Risultati!D$5:D$15)>=5,IF(Risultati!D10=1,1,0),0),IF(COUNT(Risultati!E$5:E$15)>=5,IF(Risultati!E10=1,1,0),0),IF(COUNT(Risultati!F$5:F$15)>=5,IF(Risultati!F10=1,1,0),0),IF(COUNT(Risultati!G$5:G$15)>=5,IF(Risultati!G10=1,1,0),0),IF(COUNT(Risultati!H$5:H$15)>=5,IF(Risultati!H10=1,1,0),0),IF(COUNT(Risultati!I$5:I$15)>=5,IF(Risultati!I10=1,1,0),0),IF(COUNT(Risultati!J$5:J$15)>=5,IF(Risultati!J10=1,1,0),0),IF(COUNT(Risultati!K$5:K$15)>=5,IF(Risultati!K10=1,1,0),0),IF(COUNT(Risultati!L$5:L$15)>=5,IF(Risultati!L10=1,1,0),0),IF(COUNT(Risultati!M$5:M$15)>=5,IF(Risultati!M10=1,1,0),0)) -> 0 | E10: =SUM(IF(COUNT(Risultati!B$5:B$15)>=5,IF(Risultati!B10=2,1,0),0),IF(COUNT(Risultati!C$5:C$15)>=5,IF(Risultati!C10=2,1,0),0),IF(COUNT(Risultati!D$5:D$15)>=5,IF(Risultati!D10=2,1,0),0),IF(COUNT(Risultati!E$5:E$15)>=5,IF(Risultati!E10=2,1,0),0),IF(COUNT(Risultati!F$5:F$15)>=5,IF(Risultati!F10=2,1,0),0),IF(COUNT(Risultati!G$5:G$15)>=5,IF(Risultati!G10=2,1,0),0),IF(COUNT(Risultati!H$5:H$15)>=5,IF(Risultati!H10=2,1,0),0),IF(COUNT(Risultati!I$5:I$15)>=5,IF(Risultati!I10=2,1,0),0),IF(COUNT(Risultati!J$5:J$15)>=5,IF(Risultati!J10=2,1,0),0),IF(COUNT(Risultati!K$5:K$15)>=5,IF(Risultati!K10=2,1,0),0),IF(COUNT(Risultati!L$5:L$15)>=5,IF(Risultati!L10=2,1,0),0),IF(COUNT(Risultati!M$5:M$15)>=5,IF(Risultati!M10=2,1,0),0)) -> 0 | F10: =SUM(IF(COUNT(Risultati!B$5:B$15)>=5,IF(Risultati!B10=3,1,0),0),IF(COUNT(Risultati!C$5:C$15)>=5,IF(Risultati!C10=3,1,0),0),IF(COUNT(Risultati!D$5:D$15)>=5,IF(Risultati!D10=3,1,0),0),IF(COUNT(Risultati!E$5:E$15)>=5,IF(Risultati!E10=3,1,0),0),IF(COUNT(Risultati!F$5:F$15)>=5,IF(Risultati!F10=3,1,0),0),IF(COUNT(Risultati!G$5:G$15)>=5,IF(Risultati!G10=3,1,0),0),IF(COUNT(Risultati!H$5:H$15)>=5,IF(Risultati!H10=3,1,0),0),IF(COUNT(Risultati!I$5:I$15)>=5,IF(Risultati!I10=3,1,0),0),IF(COUNT(Risultati!J$5:J$15)>=5,IF(Risultati!J10=3,1,0),0),IF(COUNT(Risultati!K$5:K$15)>=5,IF(Risultati!K10=3,1,0),0),IF(COUNT(Risultati!L$5:L$15)>=5,IF(Risultati!L10=3,1,0),0),IF(COUNT(Risultati!M$5:M$15)>=5,IF(Risultati!M10=3,1,0),0)) -> 0 | G10: =SUM(Dettaglio!B10:M10) -> 0 | H10: =IF(COUNT(Dettaglio!B10:M10)=0,"—",SMALL(Dettaglio!B10:M10,1)) -> 0 | I10: =IF(COUNT(Dettaglio!B10:M10)<2,"—",SMALL(Dettaglio!B10:M10,2)) -> — | J10: =G10-IF(ISNUMBER(H10),H10,0)-IF(ISNUMBER(I10),I10,0) -> 0
A11: =IF(COUNT(Dettaglio!B11:M11)=0,"—",_xludf.RANK.EQ(J11,$J$5:$J$15,0)) -> #NAME? | B11: Piero | C11: =SUM(IF(COUNT(Risultati!B$5:B$15)>=5,IF(ISNUMBER(Risultati!B11),1,0),0),IF(COUNT(Risultati!C$5:C$15)>=5,IF(ISNUMBER(Risultati!C11),1,0),0),IF(COUNT(Risultati!D$5:D$15)>=5,IF(ISNUMBER(Risultati!D11),1,0),0),IF(COUNT(Risultati!E$5:E$15)>=5,IF(ISNUMBER(Risultati!E11),1,0),0),IF(COUNT(Risultati!F$5:F$15)>=5,IF(ISNUMBER(Risultati!F11),1,0),0),IF(COUNT(Risultati!G$5:G$15)>=5,IF(ISNUMBER(Risultati!G11),1,0),0),IF(COUNT(Risultati!H$5:H$15)>=5,IF(ISNUMBER(Risultati!H11),1,0),0),IF(COUNT(Risultati!I$5:I$15)>=5,IF(ISNUMBER(Risultati!I11),1,0),0),IF(COUNT(Risultati!J$5:J$15)>=5,IF(ISNUMBER(Risultati!J11),1,0),0),IF(COUNT(Risultati!K$5:K$15)>=5,IF(ISNUMBER(Risultati!K11),1,0),0),IF(COUNT(Risultati!L$5:L$15)>=5,IF(ISNUMBER(Risultati!L11),1,0),0),IF(COUNT(Risultati!M$5:M$15)>=5,IF(ISNUMBER(Risultati!M11),1,0),0)) -> 1 | D11: =SUM(IF(COUNT(Risultati!B$5:B$15)>=5,IF(Risultati!B11=1,1,0),0),IF(COUNT(Risultati!C$5:C$15)>=5,IF(Risultati!C11=1,1,0),0),IF(COUNT(Risultati!D$5:D$15)>=5,IF(Risultati!D11=1,1,0),0),IF(COUNT(Risultati!E$5:E$15)>=5,IF(Risultati!E11=1,1,0),0),IF(COUNT(Risultati!F$5:F$15)>=5,IF(Risultati!F11=1,1,0),0),IF(COUNT(Risultati!G$5:G$15)>=5,IF(Risultati!G11=1,1,0),0),IF(COUNT(Risultati!H$5:H$15)>=5,IF(Risultati!H11=1,1,0),0),IF(COUNT(Risultati!I$5:I$15)>=5,IF(Risultati!I11=1,1,0),0),IF(COUNT(Risultati!J$5:J$15)>=5,IF(Risultati!J11=1,1,0),0),IF(COUNT(Risultati!K$5:K$15)>=5,IF(Risultati!K11=1,1,0),0),IF(COUNT(Risultati!L$5:L$15)>=5,IF(Risultati!L11=1,1,0),0),IF(COUNT(Risultati!M$5:M$15)>=5,IF(Risultati!M11=1,1,0),0)) -> 0 | E11: =SUM(IF(COUNT(Risultati!B$5:B$15)>=5,IF(Risultati!B11=2,1,0),0),IF(COUNT(Risultati!C$5:C$15)>=5,IF(Risultati!C11=2,1,0),0),IF(COUNT(Risultati!D$5:D$15)>=5,IF(Risultati!D11=2,1,0),0),IF(COUNT(Risultati!E$5:E$15)>=5,IF(Risultati!E11=2,1,0),0),IF(COUNT(Risultati!F$5:F$15)>=5,IF(Risultati!F11=2,1,0),0),IF(COUNT(Risultati!G$5:G$15)>=5,IF(Risultati!G11=2,1,0),0),IF(COUNT(Risultati!H$5:H$15)>=5,IF(Risultati!H11=2,1,0),0),IF(COUNT(Risultati!I$5:I$15)>=5,IF(Risultati!I11=2,1,0),0),IF(COUNT(Risultati!J$5:J$15)>=5,IF(Risultati!J11=2,1,0),0),IF(COUNT(Risultati!K$5:K$15)>=5,IF(Risultati!K11=2,1,0),0),IF(COUNT(Risultati!L$5:L$15)>=5,IF(Risultati!L11=2,1,0),0),IF(COUNT(Risultati!M$5:M$15)>=5,IF(Risultati!M11=2,1,0),0)) -> 1 | F11: =SUM(IF(COUNT(Risultati!B$5:B$15)>=5,IF(Risultati!B11=3,1,0),0),IF(COUNT(Risultati!C$5:C$15)>=5,IF(Risultati!C11=3,1,0),0),IF(COUNT(Risultati!D$5:D$15)>=5,IF(Risultati!D11=3,1,0),0),IF(COUNT(Risultati!E$5:E$15)>=5,IF(Risultati!E11=3,1,0),0),IF(COUNT(Risultati!F$5:F$15)>=5,IF(Risultati!F11=3,1,0),0),IF(COUNT(Risultati!G$5:G$15)>=5,IF(Risultati!G11=3,1,0),0),IF(COUNT(Risultati!H$5:H$15)>=5,IF(Risultati!H11=3,1,0),0),IF(COUNT(Risultati!I$5:I$15)>=5,IF(Risultati!I11=3,1,0),0),IF(COUNT(Risultati!J$5:J$15)>=5,IF(Risultati!J11=3,1,0),0),IF(COUNT(Risultati!K$5:K$15)>=5,IF(Risultati!K11=3,1,0),0),IF(COUNT(Risultati!L$5:L$15)>=5,IF(Risultati!L11=3,1,0),0),IF(COUNT(Risultati!M$5:M$15)>=5,IF(Risultati!M11=3,1,0),0)) -> 0 | G11: =SUM(Dettaglio!B11:M11) -> 23 | H11: =IF(COUNT(Dettaglio!B11:M11)=0,"—",SMALL(Dettaglio!B11:M11,1)) -> 23 | I11: =IF(COUNT(Dettaglio!B11:M11)<2,"—",SMALL(Dettaglio!B11:M11,2)) -> — | J11: =G11-IF(ISNUMBER(H11),H11,0)-IF(ISNUMBER(I11),I11,0) -> 0
A12: =IF(COUNT(Dettaglio!B12:M12)=0,"—",_xludf.RANK.EQ(J12,$J$5:$J$15,0)) -> #NAME? | B12: Salado | C12: =SUM(IF(COUNT(Risultati!B$5:B$15)>=5,IF(ISNUMBER(Risultati!B12),1,0),0),IF(COUNT(Risultati!C$5:C$15)>=5,IF(ISNUMBER(Risultati!C12),1,0),0),IF(COUNT(Risultati!D$5:D$15)>=5,IF(ISNUMBER(Risultati!D12),1,0),0),IF(COUNT(Risultati!E$5:E$15)>=5,IF(ISNUMBER(Risultati!E12),1,0),0),IF(COUNT(Risultati!F$5:F$15)>=5,IF(ISNUMBER(Risultati!F12),1,0),0),IF(COUNT(Risultati!G$5:G$15)>=5,IF(ISNUMBER(Risultati!G12),1,0),0),IF(COUNT(Risultati!H$5:H$15)>=5,IF(ISNUMBER(Risultati!H12),1,0),0),IF(COUNT(Risultati!I$5:I$15)>=5,IF(ISNUMBER(Risultati!I12),1,0),0),IF(COUNT(Risultati!J$5:J$15)>=5,IF(ISNUMBER(Risultati!J12),1,0),0),IF(COUNT(Risultati!K$5:K$15)>=5,IF(ISNUMBER(Risultati!K12),1,0),0),IF(COUNT(Risultati!L$5:L$15)>=5,IF(ISNUMBER(Risultati!L12),1,0),0),IF(COUNT(Risultati!M$5:M$15)>=5,IF(ISNUMBER(Risultati!M12),1,0),0)) -> 1 | D12: =SUM(IF(COUNT(Risultati!B$5:B$15)>=5,IF(Risultati!B12=1,1,0),0),IF(COUNT(Risultati!C$5:C$15)>=5,IF(Risultati!C12=1,1,0),0),IF(COUNT(Risultati!D$5:D$15)>=5,IF(Risultati!D12=1,1,0),0),IF(COUNT(Risultati!E$5:E$15)>=5,IF(Risultati!E12=1,1,0),0),IF(COUNT(Risultati!F$5:F$15)>=5,IF(Risultati!F12=1,1,0),0),IF(COUNT(Risultati!G$5:G$15)>=5,IF(Risultati!G12=1,1,0),0),IF(COUNT(Risultati!H$5:H$15)>=5,IF(Risultati!H12=1,1,0),0),IF(COUNT(Risultati!I$5:I$15)>=5,IF(Risultati!I12=1,1,0),0),IF(COUNT(Risultati!J$5:J$15)>=5,IF(Risultati!J12=1,1,0),0),IF(COUNT(Risultati!K$5:K$15)>=5,IF(Risultati!K12=1,1,0),0),IF(COUNT(Risultati!L$5:L$15)>=5,IF(Risultati!L12=1,1,0),0),IF(COUNT(Risultati!M$5:M$15)>=5,IF(Risultati!M12=1,1,0),0)) -> 0 | E12: =SUM(IF(COUNT(Risultati!B$5:B$15)>=5,IF(Risultati!B12=2,1,0),0),IF(COUNT(Risultati!C$5:C$15)>=5,IF(Risultati!C12=2,1,0),0),IF(COUNT(Risultati!D$5:D$15)>=5,IF(Risultati!D12=2,1,0),0),IF(COUNT(Risultati!E$5:E$15)>=5,IF(Risultati!E12=2,1,0),0),IF(COUNT(Risultati!F$5:F$15)>=5,IF(Risultati!F12=2,1,0),0),IF(COUNT(Risultati!G$5:G$15)>=5,IF(Risultati!G12=2,1,0),0),IF(COUNT(Risultati!H$5:H$15)>=5,IF(Risultati!H12=2,1,0),0),IF(COUNT(Risultati!I$5:I$15)>=5,IF(Risultati!I12=2,1,0),0),IF(COUNT(Risultati!J$5:J$15)>=5,IF(Risultati!J12=2,1,0),0),IF(COUNT(Risultati!K$5:K$15)>=5,IF(Risultati!K12=2,1,0),0),IF(COUNT(Risultati!L$5:L$15)>=5,IF(Risultati!L12=2,1,0),0),IF(COUNT(Risultati!M$5:M$15)>=5,IF(Risultati!M12=2,1,0),0)) -> 0 | F12: =SUM(IF(COUNT(Risultati!B$5:B$15)>=5,IF(Risultati!B12=3,1,0),0),IF(COUNT(Risultati!C$5:C$15)>=5,IF(Risultati!C12=3,1,0),0),IF(COUNT(Risultati!D$5:D$15)>=5,IF(Risultati!D12=3,1,0),0),IF(COUNT(Risultati!E$5:E$15)>=5,IF(Risultati!E12=3,1,0),0),IF(COUNT(Risultati!F$5:F$15)>=5,IF(Risultati!F12=3,1,0),0),IF(COUNT(Risultati!G$5:G$15)>=5,IF(Risultati!G12=3,1,0),0),IF(COUNT(Risultati!H$5:H$15)>=5,IF(Risultati!H12=3,1,0),0),IF(COUNT(Risultati!I$5:I$15)>=5,IF(Risultati!I12=3,1,0),0),IF(COUNT(Risultati!J$5:J$15)>=5,IF(Risultati!J12=3,1,0),0),IF(COUNT(Risultati!K$5:K$15)>=5,IF(Risultati!K12=3,1,0),0),IF(COUNT(Risultati!L$5:L$15)>=5,IF(Risultati!L12=3,1,0),0),IF(COUNT(Risultati!M$5:M$15)>=5,IF(Risultati!M12=3,1,0),0)) -> 0 | G12: =SUM(Dettaglio!B12:M12) -> 11 | H12: =IF(COUNT(Dettaglio!B12:M12)=0,"—",SMALL(Dettaglio!B12:M12,1)) -> 11 | I12: =IF(COUNT(Dettaglio!B12:M12)<2,"—",SMALL(Dettaglio!B12:M12,2)) -> — | J12: =G12-IF(ISNUMBER(H12),H12,0)-IF(ISNUMBER(I12),I12,0) -> 0
A13: =IF(COUNT(Dettaglio!B13:M13)=0,"—",_xludf.RANK.EQ(J13,$J$5:$J$15,0)) -> #NAME? | B13: Torre | C13: =SUM(IF(COUNT(Risultati!B$5:B$15)>=5,IF(ISNUMBER(Risultati!B13),1,0),0),IF(COUNT(Risultati!C$5:C$15)>=5,IF(ISNUMBER(Risultati!C13),1,0),0),IF(COUNT(Risultati!D$5:D$15)>=5,IF(ISNUMBER(Risultati!D13),1,0),0),IF(COUNT(Risultati!E$5:E$15)>=5,IF(ISNUMBER(Risultati!E13),1,0),0),IF(COUNT(Risultati!F$5:F$15)>=5,IF(ISNUMBER(Risultati!F13),1,0),0),IF(COUNT(Risultati!G$5:G$15)>=5,IF(ISNUMBER(Risultati!G13),1,0),0),IF(COUNT(Risultati!H$5:H$15)>=5,IF(ISNUMBER(Risultati!H13),1,0),0),IF(COUNT(Risultati!I$5:I$15)>=5,IF(ISNUMBER(Risultati!I13),1,0),0),IF(COUNT(Risultati!J$5:J$15)>=5,IF(ISNUMBER(Risultati!J13),1,0),0),IF(COUNT(Risultati!K$5:K$15)>=5,IF(ISNUMBER(Risultati!K13),1,0),0),IF(COUNT(Risultati!L$5:L$15)>=5,IF(ISNUMBER(Risultati!L13),1,0),0),IF(COUNT(Risultati!M$5:M$15)>=5,IF(ISNUMBER(Risultati!M13),1,0),0)) -> 1 | D13: =SUM(IF(COUNT(Risultati!B$5:B$15)>=5,IF(Risultati!B13=1,1,0),0),IF(COUNT(Risultati!C$5:C$15)>=5,IF(Risultati!C13=1,1,0),0),IF(COUNT(Risultati!D$5:D$15)>=5,IF(Risultati!D13=1,1,0),0),IF(COUNT(Risultati!E$5:E$15)>=5,IF(Risultati!E13=1,1,0),0),IF(COUNT(Risultati!F$5:F$15)>=5,IF(Risultati!F13=1,1,0),0),IF(COUNT(Risultati!G$5:G$15)>=5,IF(Risultati!G13=1,1,0),0),IF(COUNT(Risultati!H$5:H$15)>=5,IF(Risultati!H13=1,1,0),0),IF(COUNT(Risultati!I$5:I$15)>=5,IF(Risultati!I13=1,1,0),0),IF(COUNT(Risultati!J$5:J$15)>=5,IF(Risultati!J13=1,1,0),0),IF(COUNT(Risultati!K$5:K$15)>=5,IF(Risultati!K13=1,1,0),0),IF(COUNT(Risultati!L$5:L$15)>=5,IF(Risultati!L13=1,1,0),0),IF(COUNT(Risultati!M$5:M$15)>=5,IF(Risultati!M13=1,1,0),0)) -> 0 | E13: =SUM(IF(COUNT(Risultati!B$5:B$15)>=5,IF(Risultati!B13=2,1,0),0),IF(COUNT(Risultati!C$5:C$15)>=5,IF(Risultati!C13=2,1,0),0),IF(COUNT(Risultati!D$5:D$15)>=5,IF(Risultati!D13=2,1,0),0),IF(COUNT(Risultati!E$5:E$15)>=5,IF(Risultati!E13=2,1,0),0),IF(COUNT(Risultati!F$5:F$15)>=5,IF(Risultati!F13=2,1,0),0),IF(COUNT(Risultati!G$5:G$15)>=5,IF(Risultati!G13=2,1,0),0),IF(COUNT(Risultati!H$5:H$15)>=5,IF(Risultati!H13=2,1,0),0),IF(COUNT(Risultati!I$5:I$15)>=5,IF(Risultati!I13=2,1,0),0),IF(COUNT(Risultati!J$5:J$15)>=5,IF(Risultati!J13=2,1,0),0),IF(COUNT(Risultati!K$5:K$15)>=5,IF(Risultati!K13=2,1,0),0),IF(COUNT(Risultati!L$5:L$15)>=5,IF(Risultati!L13=2,1,0),0),IF(COUNT(Risultati!M$5:M$15)>=5,IF(Risultati!M13=2,1,0),0)) -> 0 | F13: =SUM(IF(COUNT(Risultati!B$5:B$15)>=5,IF(Risultati!B13=3,1,0),0),IF(COUNT(Risultati!C$5:C$15)>=5,IF(Risultati!C13=3,1,0),0),IF(COUNT(Risultati!D$5:D$15)>=5,IF(Risultati!D13=3,1,0),0),IF(COUNT(Risultati!E$5:E$15)>=5,IF(Risultati!E13=3,1,0),0),IF(COUNT(Risultati!F$5:F$15)>=5,IF(Risultati!F13=3,1,0),0),IF(COUNT(Risultati!G$5:G$15)>=5,IF(Risultati!G13=3,1,0),0),IF(COUNT(Risultati!H$5:H$15)>=5,IF(Risultati!H13=3,1,0),0),IF(COUNT(Risultati!I$5:I$15)>=5,IF(Risultati!I13=3,1,0),0),IF(COUNT(Risultati!J$5:J$15)>=5,IF(Risultati!J13=3,1,0),0),IF(COUNT(Risultati!K$5:K$15)>=5,IF(Risultati!K13=3,1,0),0),IF(COUNT(Risultati!L$5:L$15)>=5,IF(Risultati!L13=3,1,0),0),IF(COUNT(Risultati!M$5:M$15)>=5,IF(Risultati!M13=3,1,0),0)) -> 1 | G13: =SUM(Dettaglio!B13:M13) -> 20 | H13: =IF(COUNT(Dettaglio!B13:M13)=0,"—",SMALL(Dettaglio!B13:M13,1)) -> 20 | I13: =IF(COUNT(Dettaglio!B13:M13)<2,"—",SMALL(Dettaglio!B13:M13,2)) -> — | J13: =G13-IF(ISNUMBER(H13),H13,0)-IF(ISNUMBER(I13),I13,0) -> 0
A14: =IF(COUNT(Dettaglio!B14:M14)=0,"—",_xludf.RANK.EQ(J14,$J$5:$J$15,0)) -> #NAME? | B14: Ube | C14: =SUM(IF(COUNT(Risultati!B$5:B$15)>=5,IF(ISNUMBER(Risultati!B14),1,0),0),IF(COUNT(Risultati!C$5:C$15)>=5,IF(ISNUMBER(Risultati!C14),1,0),0),IF(COUNT(Risultati!D$5:D$15)>=5,IF(ISNUMBER(Risultati!D14),1,0),0),IF(COUNT(Risultati!E$5:E$15)>=5,IF(ISNUMBER(Risultati!E14),1,0),0),IF(COUNT(Risultati!F$5:F$15)>=5,IF(ISNUMBER(Risultati!F14),1,0),0),IF(COUNT(Risultati!G$5:G$15)>=5,IF(ISNUMBER(Risultati!G14),1,0),0),IF(COUNT(Risultati!H$5:H$15)>=5,IF(ISNUMBER(Risultati!H14),1,0),0),IF(COUNT(Risultati!I$5:I$15)>=5,IF(ISNUMBER(Risultati!I14),1,0),0),IF(COUNT(Risultati!J$5:J$15)>=5,IF(ISNUMBER(Risultati!J14),1,0),0),IF(COUNT(Risultati!K$5:K$15)>=5,IF(ISNUMBER(Risultati!K14),1,0),0),IF(COUNT(Risultati!L$5:L$15)>=5,IF(ISNUMBER(Risultati!L14),1,0),0),IF(COUNT(Risultati!M$5:M$15)>=5,IF(ISNUMBER(Risultati!M14),1,0),0)) -> 0 | D14: =SUM(IF(COUNT(Risultati!B$5:B$15)>=5,IF(Risultati!B14=1,1,0),0),IF(COUNT(Risultati!C$5:C$15)>=5,IF(Risultati!C14=1,1,0),0),IF(COUNT(Risultati!D$5:D$15)>=5,IF(Risultati!D14=1,1,0),0),IF(COUNT(Risultati!E$5:E$15)>=5,IF(Risultati!E14=1,1,0),0),IF(COUNT(Risultati!F$5:F$15)>=5,IF(Risultati!F14=1,1,0),0),IF(COUNT(Risultati!G$5:G$15)>=5,IF(Risultati!G14=1,1,0),0),IF(COUNT(Risultati!H$5:H$15)>=5,IF(Risultati!H14=1,1,0),0),IF(COUNT(Risultati!I$5:I$15)>=5,IF(Risultati!I14=1,1,0),0),IF(COUNT(Risultati!J$5:J$15)>=5,IF(Risultati!J14=1,1,0),0),IF(COUNT(Risultati!K$5:K$15)>=5,IF(Risultati!K14=1,1,0),0),IF(COUNT(Risultati!L$5:L$15)>=5,IF(Risultati!L14=1,1,0),0),IF(COUNT(Risultati!M$5:M$15)>=5,IF(Risultati!M14=1,1,0),0)) -> 0 | E14: =SUM(IF(COUNT(Risultati!B$5:B$15)>=5,IF(Risultati!B14=2,1,0),0),IF(COUNT(Risultati!C$5:C$15)>=5,IF(Risultati!C14=2,1,0),0),IF(COUNT(Risultati!D$5:D$15)>=5,IF(Risultati!D14=2,1,0),0),IF(COUNT(Risultati!E$5:E$15)>=5,IF(Risultati!E14=2,1,0),0),IF(COUNT(Risultati!F$5:F$15)>=5,IF(Risultati!F14=2,1,0),0),IF(COUNT(Risultati!G$5:G$15)>=5,IF(Risultati!G14=2,1,0),0),IF(COUNT(Risultati!H$5:H$15)>=5,IF(Risultati!H14=2,1,0),0),IF(COUNT(Risultati!I$5:I$15)>=5,IF(Risultati!I14=2,1,0),0),IF(COUNT(Risultati!J$5:J$15)>=5,IF(Risultati!J14=2,1,0),0),IF(COUNT(Risultati!K$5:K$15)>=5,IF(Risultati!K14=2,1,0),0),IF(COUNT(Risultati!L$5:L$15)>=5,IF(Risultati!L14=2,1,0),0),IF(COUNT(Risultati!M$5:M$15)>=5,IF(Risultati!M14=2,1,0),0)) -> 0 | F14: =SUM(IF(COUNT(Risultati!B$5:B$15)>=5,IF(Risultati!B14=3,1,0),0),IF(COUNT(Risultati!C$5:C$15)>=5,IF(Risultati!C14=3,1,0),0),IF(COUNT(Risultati!D$5:D$15)>=5,IF(Risultati!D14=3,1,0),0),IF(COUNT(Risultati!E$5:E$15)>=5,IF(Risultati!E14=3,1,0),0),IF(COUNT(Risultati!F$5:F$15)>=5,IF(Risultati!F14=3,1,0),0),IF(COUNT(Risultati!G$5:G$15)>=5,IF(Risultati!G14=3,1,0),0),IF(COUNT(Risultati!H$5:H$15)>=5,IF(Risultati!H14=3,1,0),0),IF(COUNT(Risultati!I$5:I$15)>=5,IF(Risultati!I14=3,1,0),0),IF(COUNT(Risultati!J$5:J$15)>=5,IF(Risultati!J14=3,1,0),0),IF(COUNT(Risultati!K$5:K$15)>=5,IF(Risultati!K14=3,1,0),0),IF(COUNT(Risultati!L$5:L$15)>=5,IF(Risultati!L14=3,1,0),0),IF(COUNT(Risultati!M$5:M$15)>=5,IF(Risultati!M14=3,1,0),0)) -> 0 | G14: =SUM(Dettaglio!B14:M14) -> 0 | H14: =IF(COUNT(Dettaglio!B14:M14)=0,"—",SMALL(Dettaglio!B14:M14,1)) -> 0 | I14: =IF(COUNT(Dettaglio!B14:M14)<2,"—",SMALL(Dettaglio!B14:M14,2)) -> — | J14: =G14-IF(ISNUMBER(H14),H14,0)-IF(ISNUMBER(I14),I14,0) -> 0
A15: =IF(COUNT(Dettaglio!B15:M15)=0,"—",_xludf.RANK.EQ(J15,$J$5:$J$15,0)) -> #NAME? | B15: Uccio | C15: =SUM(IF(COUNT(Risultati!B$5:B$15)>=5,IF(ISNUMBER(Risultati!B15),1,0),0),IF(COUNT(Risultati!C$5:C$15)>=5,IF(ISNUMBER(Risultati!C15),1,0),0),IF(COUNT(Risultati!D$5:D$15)>=5,IF(ISNUMBER(Risultati!D15),1,0),0),IF(COUNT(Risultati!E$5:E$15)>=5,IF(ISNUMBER(Risultati!E15),1,0),0),IF(COUNT(Risultati!F$5:F$15)>=5,IF(ISNUMBER(Risultati!F15),1,0),0),IF(COUNT(Risultati!G$5:G$15)>=5,IF(ISNUMBER(Risultati!G15),1,0),0),IF(COUNT(Risultati!H$5:H$15)>=5,IF(ISNUMBER(Risultati!H15),1,0),0),IF(COUNT(Risultati!I$5:I$15)>=5,IF(ISNUMBER(Risultati!I15),1,0),0),IF(COUNT(Risultati!J$5:J$15)>=5,IF(ISNUMBER(Risultati!J15),1,0),0),IF(COUNT(Risultati!K$5:K$15)>=5,IF(ISNUMBER(Risultati!K15),1,0),0),IF(COUNT(Risultati!L$5:L$15)>=5,IF(ISNUMBER(Risultati!L15),1,0),0),IF(COUNT(Risultati!M$5:M$15)>=5,IF(ISNUMBER(Risultati!M15),1,0),0)) -> 0 | D15: =SUM(IF(COUNT(Risultati!B$5:B$15)>=5,IF(Risultati!B15=1,1,0),0),IF(COUNT(Risultati!C$5:C$15)>=5,IF(Risultati!C15=1,1,0),0),IF(COUNT(Risultati!D$5:D$15)>=5,IF(Risultati!D15=1,1,0),0),IF(COUNT(Risultati!E$5:E$15)>=5,IF(Risultati!E15=1,1,0),0),IF(COUNT(Risultati!F$5:F$15)>=5,IF(Risultati!F15=1,1,0),0),IF(COUNT(Risultati!G$5:G$15)>=5,IF(Risultati!G15=1,1,0),0),IF(COUNT(Risultati!H$5:H$15)>=5,IF(Risultati!H15=1,1,0),0),IF(COUNT(Risultati!I$5:I$15)>=5,IF(Risultati!I15=1,1,0),0),IF(COUNT(Risultati!J$5:J$15)>=5,IF(Risultati!J15=1,1,0),0),IF(COUNT(Risultati!K$5:K$15)>=5,IF(Risultati!K15=1,1,0),0),IF(COUNT(Risultati!L$5:L$15)>=5,IF(Risultati!L15=1,1,0),0),IF(COUNT(Risultati!M$5:M$15)>=5,IF(Risultati!M15=1,1,0),0)) -> 0 | E15: =SUM(IF(COUNT(Risultati!B$5:B$15)>=5,IF(Risultati!B15=2,1,0),0),IF(COUNT(Risultati!C$5:C$15)>=5,IF(Risultati!C15=2,1,0),0),IF(COUNT(Risultati!D$5:D$15)>=5,IF(Risultati!D15=2,1,0),0),IF(COUNT(Risultati!E$5:E$15)>=5,IF(Risultati!E15=2,1,0),0),IF(COUNT(Risultati!F$5:F$15)>=5,IF(Risultati!F15=2,1,0),0),IF(COUNT(Risultati!G$5:G$15)>=5,IF(Risultati!G15=2,1,0),0),IF(COUNT(Risultati!H$5:H$15)>=5,IF(Risultati!H15=2,1,0),0),IF(COUNT(Risultati!I$5:I$15)>=5,IF(Risultati!I15=2,1,0),0),IF(COUNT(Risultati!J$5:J$15)>=5,IF(Risultati!J15=2,1,0),0),IF(COUNT(Risultati!K$5:K$15)>=5,IF(Risultati!K15=2,1,0),0),IF(COUNT(Risultati!L$5:L$15)>=5,IF(Risultati!L15=2,1,0),0),IF(COUNT(Risultati!M$5:M$15)>=5,IF(Risultati!M15=2,1,0),0)) -> 0 | F15: =SUM(IF(COUNT(Risultati!B$5:B$15)>=5,IF(Risultati!B15=3,1,0),0),IF(COUNT(Risultati!C$5:C$15)>=5,IF(Risultati!C15=3,1,0),0),IF(COUNT(Risultati!D$5:D$15)>=5,IF(Risultati!D15=3,1,0),0),IF(COUNT(Risultati!E$5:E$15)>=5,IF(Risultati!E15=3,1,0),0),IF(COUNT(Risultati!F$5:F$15)>=5,IF(Risultati!F15=3,1,0),0),IF(COUNT(Risultati!G$5:G$15)>=5,IF(Risultati!G15=3,1,0),0),IF(COUNT(Risultati!H$5:H$15)>=5,IF(Risultati!H15=3,1,0),0),IF(COUNT(Risultati!I$5:I$15)>=5,IF(Risultati!I15=3,1,0),0),IF(COUNT(Risultati!J$5:J$15)>=5,IF(Risultati!J15=3,1,0),0),IF(COUNT(Risultati!K$5:K$15)>=5,IF(Risultati!K15=3,1,0),0),IF(COUNT(Risultati!L$5:L$15)>=5,IF(Risultati!L15=3,1,0),0),IF(COUNT(Risultati!M$5:M$15)>=5,IF(Risultati!M15=3,1,0),0)) -> 0 | G15: =SUM(Dettaglio!B15:M15) -> 0 | H15: =IF(COUNT(Dettaglio!B15:M15)=0,"—",SMALL(Dettaglio!B15:M15,1)) -> 0 | I15: =IF(COUNT(Dettaglio!B15:M15)<2,"—",SMALL(Dettaglio!B15:M15,2)) -> — | J15: =G15-IF(ISNUMBER(H15),H15,0)-IF(ISNUMBER(I15),I15,0) -> 0

Sheet Dettaglio
A1: DETTAGLIO PUNTI PER GIORNATA
A2: Assenze = 0 nelle serate valide; le serate con meno di 5 presenti non entrano nei calcoli.
A4: Giocatore | B4: =Risultati!B4 -> 46324 | C4: =Risultati!C4 -> 46338 | D4: =Risultati!D4 -> 46352 | E4: =Risultati!E4 -> 46366 | F4: =Risultati!F4 -> 46394 | G4: =Risultati!G4 -> 46408 | H4: =Risultati!H4 -> 46422 | I4: =Risultati!I4 -> 46436 | ... M4: =Risultati!M4 -> 46492
A5: Fanfo | B5: =IF(COUNT(Risultati!B$5:B$15)>=5,IF(Risultati!B5="",0,5+INDEX(Regole!$D$2:$D$13,Risultati!B5)+IF(Risultati!B$17=$A5,INDEX(Regole!$D$2:$D$13,Risultati!B5),0)),"") -> 15 | C5: =IF(COUNT(Risultati!C$5:C$15)>=5,IF(Risultati!C5="",0,5+INDEX(Regole!$D$2:$D$13,Risultati!C5)+IF(Risultati!C$17=$A5,INDEX(Regole!$D$2:$D$13,Risultati!C5),0)),"") | D5: =IF(COUNT(Risultati!D$5:D$15)>=5,IF(Risultati!D5="",0,5+INDEX(Regole!$D$2:$D$13,Risultati!D5)+IF(Risultati!D$17=$A5,INDEX(Regole!$D$2:$D$13,Risultati!D5),0)),"") | E5: =IF(COUNT(Risultati!E$5:E$15)>=5,IF(Risultati!E5="",0,5+INDEX(Regole!$D$2:$D$13,Risultati!E5)+IF(Risultati!E$17=$A5,INDEX(Regole!$D$2:$D$13,Risultati!E5),0)),"") | F5: =IF(COUNT(Risultati!F$5:F$15)>=5,IF(Risultati!F5="",0,5+INDEX(Regole!$D$2:$D$13,Risultati!F5)+IF(Risultati!F$17=$A5,INDEX(Regole!$D$2:$D$13,Risultati!F5),0)),"") | G5: =IF(COUNT(Risultati!G$5:G$15)>=5,IF(Risultati!G5="",0,5+INDEX(Regole!$D$2:$D$13,Risultati!G5)+IF(Risultati!G$17=$A5,INDEX(Regole!$D$2:$D$13,Risultati!G5),0)),"") | H5: =IF(COUNT(Risultati!H$5:H$15)>=5,IF(Risultati!H5="",0,5+INDEX(Regole!$D$2:$D$13,Risultati!H5)+IF(Risultati!H$17=$A5,INDEX(Regole!$D$2:$D$13,Risultati!H5),0)),"") | I5: =IF(COUNT(Risultati!I$5:I$15)>=5,IF(Risultati!I5="",0,5+INDEX(Regole!$D$2:$D$13,Risultati!I5)+IF(Risultati!I$17=$A5,INDEX(Regole!$D$2:$D$13,Risultati!I5),0)),"") | ... M5: =IF(COUNT(Risultati!M$5:M$15)>=5,IF(Risultati!M5="",0,5+INDEX(Regole!$D$2:$D$13,Risultati!M5)+IF(Risultati!M$17=$A5,INDEX(Regole!$D$2:$D$13,Risultati!M5),0)),"")
A6: Generale | B6: =IF(COUNT(Risultati!B$5:B$15)>=5,IF(Risultati!B6="",0,5+INDEX(Regole!$D$2:$D$13,Risultati!B6)+IF(Risultati!B$17=$A6,INDEX(Regole!$D$2:$D$13,Risultati!B6),0)),"") -> 17 | C6: =IF(COUNT(Risultati!C$5:C$15)>=5,IF(Risultati!C6="",0,5+INDEX(Regole!$D$2:$D$13,Risultati!C6)+IF(Risultati!C$17=$A6,INDEX(Regole!$D$2:$D$13,Risultati!C6),0)),"") | D6: =IF(COUNT(Risultati!D$5:D$15)>=5,IF(Risultati!D6="",0,5+INDEX(Regole!$D$2:$D$13,Risultati!D6)+IF(Risultati!D$17=$A6,INDEX(Regole!$D$2:$D$13,Risultati!D6),0)),"") | E6: =IF(COUNT(Risultati!E$5:E$15)>=5,IF(Risultati!E6="",0,5+INDEX(Regole!$D$2:$D$13,Risultati!E6)+IF(Risultati!E$17=$A6,INDEX(Regole!$D$2:$D$13,Risultati!E6),0)),"") | F6: =IF(COUNT(Risultati!F$5:F$15)>=5,IF(Risultati!F6="",0,5+INDEX(Regole!$D$2:$D$13,Risultati!F6)+IF(Risultati!F$17=$A6,INDEX(Regole!$D$2:$D$13,Risultati!F6),0)),"") | G6: =IF(COUNT(Risultati!G$5:G$15)>=5,IF(Risultati!G6="",0,5+INDEX(Regole!$D$2:$D$13,Risultati!G6)+IF(Risultati!G$17=$A6,INDEX(Regole!$D$2:$D$13,Risultati!G6),0)),"") | H6: =IF(COUNT(Risultati!H$5:H$15)>=5,IF(Risultati!H6="",0,5+INDEX(Regole!$D$2:$D$13,Risultati!H6)+IF(Risultati!H$17=$A6,INDEX(Regole!$D$2:$D$13,Risultati!H6),0)),"") | I6: =IF(COUNT(Risultati!I$5:I$15)>=5,IF(Risultati!I6="",0,5+INDEX(Regole!$D$2:$D$13,Risultati!I6)+IF(Risultati!I$17=$A6,INDEX(Regole!$D$2:$D$13,Risultati!I6),0)),"") | ... M6: =IF(COUNT(Risultati!M$5:M$15)>=5,IF(Risultati!M6="",0,5+INDEX(Regole!$D$2:$D$13,Risultati!M6)+IF(Risultati!M$17=$A6,INDEX(Regole!$D$2:$D$13,Risultati!M6),0)),"")
A7: Giopowie | B7: =IF(COUNT(Risultati!B$5:B$15)>=5,IF(Risultati!B7="",0,5+INDEX(Regole!$D$2:$D$13,Risultati!B7)+IF(Risultati!B$17=$A7,INDEX(Regole!$D$2:$D$13,Risultati!B7),0)),"") -> 30 | C7: =IF(COUNT(Risultati!C$5:C$15)>=5,IF(Risultati!C7="",0,5+INDEX(Regole!$D$2:$D$13,Risultati!C7)+IF(Risultati!C$17=$A7,INDEX(Regole!$D$2:$D$13,Risultati!C7),0)),"") | D7: =IF(COUNT(Risultati!D$5:D$15)>=5,IF(Risultati!D7="",0,5+INDEX(Regole!$D$2:$D$13,Risultati!D7)+IF(Risultati!D$17=$A7,INDEX(Regole!$D$2:$D$13,Risultati!D7),0)),"") | E7: =IF(COUNT(Risultati!E$5:E$15)>=5,IF(Risultati!E7="",0,5+INDEX(Regole!$D$2:$D$13,Risultati!E7)+IF(Risultati!E$17=$A7,INDEX(Regole!$D$2:$D$13,Risultati!E7),0)),"") | F7: =IF(COUNT(Risultati!F$5:F$15)>=5,IF(Risultati!F7="",0,5+INDEX(Regole!$D$2:$D$13,Risultati!F7)+IF(Risultati!F$17=$A7,INDEX(Regole!$D$2:$D$13,Risultati!F7),0)),"") | G7: =IF(COUNT(Risultati!G$5:G$15)>=5,IF(Risultati!G7="",0,5+INDEX(Regole!$D$2:$D$13,Risultati!G7)+IF(Risultati!G$17=$A7,INDEX(Regole!$D$2:$D$13,Risultati!G7),0)),"") | H7: =IF(COUNT(Risultati!H$5:H$15)>=5,IF(Risultati!H7="",0,5+INDEX(Regole!$D$2:$D$13,Risultati!H7)+IF(Risultati!H$17=$A7,INDEX(Regole!$D$2:$D$13,Risultati!H7),0)),"") | I7: =IF(COUNT(Risultati!I$5:I$15)>=5,IF(Risultati!I7="",0,5+INDEX(Regole!$D$2:$D$13,Risultati!I7)+IF(Risultati!I$17=$A7,INDEX(Regole!$D$2:$D$13,Risultati!I7),0)),"") | ... M7: =IF(COUNT(Risultati!M$5:M$15)>=5,IF(Risultati!M7="",0,5+INDEX(Regole!$D$2:$D$13,Risultati!M7)+IF(Risultati!M$17=$A7,INDEX(Regole!$D$2:$D$13,Risultati!M7),0)),"")
A8: Lorenzo | B8: =IF(COUNT(Risultati!B$5:B$15)>=5,IF(Risultati!B8="",0,5+INDEX(Regole!$D$2:$D$13,Risultati!B8)+IF(Risultati!B$17=$A8,INDEX(Regole!$D$2:$D$13,Risultati!B8),0)),"") -> 0 | C8: =IF(COUNT(Risultati!C$5:C$15)>=5,IF(Risultati!C8="",0,5+INDEX(Regole!$D$2:$D$13,Risultati!C8)+IF(Risultati!C$17=$A8,INDEX(Regole!$D$2:$D$13,Risultati!C8),0)),"") | D8: =IF(COUNT(Risultati!D$5:D$15)>=5,IF(Risultati!D8="",0,5+INDEX(Regole!$D$2:$D$13,Risultati!D8)+IF(Risultati!D$17=$A8,INDEX(Regole!$D$2:$D$13,Risultati!D8),0)),"") | E8: =IF(COUNT(Risultati!E$5:E$15)>=5,IF(Risultati!E8="",0,5+INDEX(Regole!$D$2:$D$13,Risultati!E8)+IF(Risultati!E$17=$A8,INDEX(Regole!$D$2:$D$13,Risultati!E8),0)),"") | F8: =IF(COUNT(Risultati!F$5:F$15)>=5,IF(Risultati!F8="",0,5+INDEX(Regole!$D$2:$D$13,Risultati!F8)+IF(Risultati!F$17=$A8,INDEX(Regole!$D$2:$D$13,Risultati!F8),0)),"") | G8: =IF(COUNT(Risultati!G$5:G$15)>=5,IF(Risultati!G8="",0,5+INDEX(Regole!$D$2:$D$13,Risultati!G8)+IF(Risultati!G$17=$A8,INDEX(Regole!$D$2:$D$13,Risultati!G8),0)),"") | H8: =IF(COUNT(Risultati!H$5:H$15)>=5,IF(Risultati!H8="",0,5+INDEX(Regole!$D$2:$D$13,Risultati!H8)+IF(Risultati!H$17=$A8,INDEX(Regole!$D$2:$D$13,Risultati!H8),0)),"") | I8: =IF(COUNT(Risultati!I$5:I$15)>=5,IF(Risultati!I8="",0,5+INDEX(Regole!$D$2:$D$13,Risultati!I8)+IF(Risultati!I$17=$A8,INDEX(Regole!$D$2:$D$13,Risultati!I8),0)),"") | ... M8: =IF(COUNT(Risultati!M$5:M$15)>=5,IF(Risultati!M8="",0,5+INDEX(Regole!$D$2:$D$13,Risultati!M8)+IF(Risultati!M$17=$A8,INDEX(Regole!$D$2:$D$13,Risultati!M8),0)),"")
A9: Maldo | B9: =IF(COUNT(Risultati!B$5:B$15)>=5,IF(Risultati!B9="",0,5+INDEX(Regole!$D$2:$D$13,Risultati!B9)+IF(Risultati!B$17=$A9,INDEX(Regole!$D$2:$D$13,Risultati!B9),0)),"") -> 13 | C9: =IF(COUNT(Risultati!C$5:C$15)>=5,IF(Risultati!C9="",0,5+INDEX(Regole!$D$2:$D$13,Risultati!C9)+IF(Risultati!C$17=$A9,INDEX(Regole!$D$2:$D$13,Risultati!C9),0)),"") | D9: =IF(COUNT(Risultati!D$5:D$15)>=5,IF(Risultati!D9="",0,5+INDEX(Regole!$D$2:$D$13,Risultati!D9)+IF(Risultati!D$17=$A9,INDEX(Regole!$D$2:$D$13,Risultati!D9),0)),"") | E9: =IF(COUNT(Risultati!E$5:E$15)>=5,IF(Risultati!E9="",0,5+INDEX(Regole!$D$2:$D$13,Risultati!E9)+IF(Risultati!E$17=$A9,INDEX(Regole!$D$2:$D$13,Risultati!E9),0)),"") | F9: =IF(COUNT(Risultati!F$5:F$15)>=5,IF(Risultati!F9="",0,5+INDEX(Regole!$D$2:$D$13,Risultati!F9)+IF(Risultati!F$17=$A9,INDEX(Regole!$D$2:$D$13,Risultati!F9),0)),"") | G9: =IF(COUNT(Risultati!G$5:G$15)>=5,IF(Risultati!G9="",0,5+INDEX(Regole!$D$2:$D$13,Risultati!G9)+IF(Risultati!G$17=$A9,INDEX(Regole!$D$2:$D$13,Risultati!G9),0)),"") | H9: =IF(COUNT(Risultati!H$5:H$15)>=5,IF(Risultati!H9="",0,5+INDEX(Regole!$D$2:$D$13,Risultati!H9)+IF(Risultati!H$17=$A9,INDEX(Regole!$D$2:$D$13,Risultati!H9),0)),"") | I9: =IF(COUNT(Risultati!I$5:I$15)>=5,IF(Risultati!I9="",0,5+INDEX(Regole!$D$2:$D$13,Risultati!I9)+IF(Risultati!I$17=$A9,INDEX(Regole!$D$2:$D$13,Risultati!I9),0)),"") | ... M9: =IF(COUNT(Risultati!M$5:M$15)>=5,IF(Risultati!M9="",0,5+INDEX(Regole!$D$2:$D$13,Risultati!M9)+IF(Risultati!M$17=$A9,INDEX(Regole!$D$2:$D$13,Risultati!M9),0)),"")
A10: Muso | B10: =IF(COUNT(Risultati!B$5:B$15)>=5,IF(Risultati!B10="",0,5+INDEX(Regole!$D$2:$D$13,Risultati!B10)+IF(Risultati!B$17=$A10,INDEX(Regole!$D$2:$D$13,Risultati!B10),0)),"") -> 0 | C10: =IF(COUNT(Risultati!C$5:C$15)>=5,IF(Risultati!C10="",0,5+INDEX(Regole!$D$2:$D$13,Risultati!C10)+IF(Risultati!C$17=$A10,INDEX(Regole!$D$2:$D$13,Risultati!C10),0)),"") | D10: =IF(COUNT(Risultati!D$5:D$15)>=5,IF(Risultati!D10="",0,5+INDEX(Regole!$D$2:$D$13,Risultati!D10)+IF(Risultati!D$17=$A10,INDEX(Regole!$D$2:$D$13,Risultati!D10),0)),"") | E10: =IF(COUNT(Risultati!E$5:E$15)>=5,IF(Risultati!E10="",0,5+INDEX(Regole!$D$2:$D$13,Risultati!E10)+IF(Risultati!E$17=$A10,INDEX(Regole!$D$2:$D$13,Risultati!E10),0)),"") | F10: =IF(COUNT(Risultati!F$5:F$15)>=5,IF(Risultati!F10="",0,5+INDEX(Regole!$D$2:$D$13,Risultati!F10)+IF(Risultati!F$17=$A10,INDEX(Regole!$D$2:$D$13,Risultati!F10),0)),"") | G10: =IF(COUNT(Risultati!G$5:G$15)>=5,IF(Risultati!G10="",0,5+INDEX(Regole!$D$2:$D$13,Risultati!G10)+IF(Risultati!G$17=$A10,INDEX(Regole!$D$2:$D$13,Risultati!G10),0)),"") | H10: =IF(COUNT(Risultati!H$5:H$15)>=5,IF(Risultati!H10="",0,5+INDEX(Regole!$D$2:$D$13,Risultati!H10)+IF(Risultati!H$17=$A10,INDEX(Regole!$D$2:$D$13,Risultati!H10),0)),"") | I10: =IF(COUNT(Risultati!I$5:I$15)>=5,IF(Risultati!I10="",0,5+INDEX(Regole!$D$2:$D$13,Risultati!I10)+IF(Risultati!I$17=$A10,INDEX(Regole!$D$2:$D$13,Risultati!I10),0)),"") | ... M10: =IF(COUNT(Risultati!M$5:M$15)>=5,IF(Risultati!M10="",0,5+INDEX(Regole!$D$2:$D$13,Risultati!M10)+IF(Risultati!M$17=$A10,INDEX(Regole!$D$2:$D$13,Risultati!M10),0)),"")
A11: Piero | B11: =IF(COUNT(Risultati!B$5:B$15)>=5,IF(Risultati!B11="",0,5+INDEX(Regole!$D$2:$D$13,Risultati!B11)+IF(Risultati!B$17=$A11,INDEX(Regole!$D$2:$D$13,Risultati!B11),0)),"") -> 23 | C11: =IF(COUNT(Risultati!C$5:C$15)>=5,IF(Risultati!C11="",0,5+INDEX(Regole!$D$2:$D$13,Risultati!C11)+IF(Risultati!C$17=$A11,INDEX(Regole!$D$2:$D$13,Risultati!C11),0)),"") | D11: =IF(COUNT(Risultati!D$5:D$15)>=5,IF(Risultati!D11="",0,5+INDEX(Regole!$D$2:$D$13,Risultati!D11)+IF(Risultati!D$17=$A11,INDEX(Regole!$D$2:$D$13,Risultati!D11),0)),"") | E11: =IF(COUNT(Risultati!E$5:E$15)>=5,IF(Risultati!E11="",0,5+INDEX(Regole!$D$2:$D$13,Risultati!E11)+IF(Risultati!E$17=$A11,INDEX(Regole!$D$2:$D$13,Risultati!E11),0)),"") | F11: =IF(COUNT(Risultati!F$5:F$15)>=5,IF(Risultati!F11="",0,5+INDEX(Regole!$D$2:$D$13,Risultati!F11)+IF(Risultati!F$17=$A11,INDEX(Regole!$D$2:$D$13,Risultati!F11),0)),"") | G11: =IF(COUNT(Risultati!G$5:G$15)>=5,IF(Risultati!G11="",0,5+INDEX(Regole!$D$2:$D$13,Risultati!G11)+IF(Risultati!G$17=$A11,INDEX(Regole!$D$2:$D$13,Risultati!G11),0)),"") | H11: =IF(COUNT(Risultati!H$5:H$15)>=5,IF(Risultati!H11="",0,5+INDEX(Regole!$D$2:$D$13,Risultati!H11)+IF(Risultati!H$17=$A11,INDEX(Regole!$D$2:$D$13,Risultati!H11),0)),"") | I11: =IF(COUNT(Risultati!I$5:I$15)>=5,IF(Risultati!I11="",0,5+INDEX(Regole!$D$2:$D$13,Risultati!I11)+IF(Risultati!I$17=$A11,INDEX(Regole!$D$2:$D$13,Risultati!I11),0)),"") | ... M11: =IF(COUNT(Risultati!M$5:M$15)>=5,IF(Risultati!M11="",0,5+INDEX(Regole!$D$2:$D$13,Risultati!M11)+IF(Risultati!M$17=$A11,INDEX(Regole!$D$2:$D$13,Risultati!M11),0)),"")
A12: Salado | B12: =IF(COUNT(Risultati!B$5:B$15)>=5,IF(Risultati!B12="",0,5+INDEX(Regole!$D$2:$D$13,Risultati!B12)+IF(Risultati!B$17=$A12,INDEX(Regole!$D$2:$D$13,Risultati!B12),0)),"") -> 11 | C12: =IF(COUNT(Risultati!C$5:C$15)>=5,IF(Risultati!C12="",0,5+INDEX(Regole!$D$2:$D$13,Risultati!C12)+IF(Risultati!C$17=$A12,INDEX(Regole!$D$2:$D$13,Risultati!C12),0)),"") | D12: =IF(COUNT(Risultati!D$5:D$15)>=5,IF(Risultati!D12="",0,5+INDEX(Regole!$D$2:$D$13,Risultati!D12)+IF(Risultati!D$17=$A12,INDEX(Regole!$D$2:$D$13,Risultati!D12),0)),"") | E12: =IF(COUNT(Risultati!E$5:E$15)>=5,IF(Risultati!E12="",0,5+INDEX(Regole!$D$2:$D$13,Risultati!E12)+IF(Risultati!E$17=$A12,INDEX(Regole!$D$2:$D$13,Risultati!E12),0)),"") | F12: =IF(COUNT(Risultati!F$5:F$15)>=5,IF(Risultati!F12="",0,5+INDEX(Regole!$D$2:$D$13,Risultati!F12)+IF(Risultati!F$17=$A12,INDEX(Regole!$D$2:$D$13,Risultati!F12),0)),"") | G12: =IF(COUNT(Risultati!G$5:G$15)>=5,IF(Risultati!G12="",0,5+INDEX(Regole!$D$2:$D$13,Risultati!G12)+IF(Risultati!G$17=$A12,INDEX(Regole!$D$2:$D$13,Risultati!G12),0)),"") | H12: =IF(COUNT(Risultati!H$5:H$15)>=5,IF(Risultati!H12="",0,5+INDEX(Regole!$D$2:$D$13,Risultati!H12)+IF(Risultati!H$17=$A12,INDEX(Regole!$D$2:$D$13,Risultati!H12),0)),"") | I12: =IF(COUNT(Risultati!I$5:I$15)>=5,IF(Risultati!I12="",0,5+INDEX(Regole!$D$2:$D$13,Risultati!I12)+IF(Risultati!I$17=$A12,INDEX(Regole!$D$2:$D$13,Risultati!I12),0)),"") | ... M12: =IF(COUNT(Risultati!M$5:M$15)>=5,IF(Risultati!M12="",0,5+INDEX(Regole!$D$2:$D$13,Risultati!M12)+IF(Risultati!M$17=$A12,INDEX(Regole!$D$2:$D$13,Risultati!M12),0)),"")
A13: Torre | B13: =IF(COUNT(Risultati!B$5:B$15)>=5,IF(Risultati!B13="",0,5+INDEX(Regole!$D$2:$D$13,Risultati!B13)+IF(Risultati!B$17=$A13,INDEX(Regole!$D$2:$D$13,Risultati!B13),0)),"") -> 20 | C13: =IF(COUNT(Risultati!C$5:C$15)>=5,IF(Risultati!C13="",0,5+INDEX(Regole!$D$2:$D$13,Risultati!C13)+IF(Risultati!C$17=$A13,INDEX(Regole!$D$2:$D$13,Risultati!C13),0)),"") | D13: =IF(COUNT(Risultati!D$5:D$15)>=5,IF(Risultati!D13="",0,5+INDEX(Regole!$D$2:$D$13,Risultati!D13)+IF(Risultati!D$17=$A13,INDEX(Regole!$D$2:$D$13,Risultati!D13),0)),"") | E13: =IF(COUNT(Risultati!E$5:E$15)>=5,IF(Risultati!E13="",0,5+INDEX(Regole!$D$2:$D$13,Risultati!E13)+IF(Risultati!E$17=$A13,INDEX(Regole!$D$2:$D$13,Risultati!E13),0)),"") | F13: =IF(COUNT(Risultati!F$5:F$15)>=5,IF(Risultati!F13="",0,5+INDEX(Regole!$D$2:$D$13,Risultati!F13)+IF(Risultati!F$17=$A13,INDEX(Regole!$D$2:$D$13,Risultati!F13),0)),"") | G13: =IF(COUNT(Risultati!G$5:G$15)>=5,IF(Risultati!G13="",0,5+INDEX(Regole!$D$2:$D$13,Risultati!G13)+IF(Risultati!G$17=$A13,INDEX(Regole!$D$2:$D$13,Risultati!G13),0)),"") | H13: =IF(COUNT(Risultati!H$5:H$15)>=5,IF(Risultati!H13="",0,5+INDEX(Regole!$D$2:$D$13,Risultati!H13)+IF(Risultati!H$17=$A13,INDEX(Regole!$D$2:$D$13,Risultati!H13),0)),"") | I13: =IF(COUNT(Risultati!I$5:I$15)>=5,IF(Risultati!I13="",0,5+INDEX(Regole!$D$2:$D$13,Risultati!I13)+IF(Risultati!I$17=$A13,INDEX(Regole!$D$2:$D$13,Risultati!I13),0)),"") | ... M13: =IF(COUNT(Risultati!M$5:M$15)>=5,IF(Risultati!M13="",0,5+INDEX(Regole!$D$2:$D$13,Risultati!M13)+IF(Risultati!M$17=$A13,INDEX(Regole!$D$2:$D$13,Risultati!M13),0)),"")
A14: Ube | B14: =IF(COUNT(Risultati!B$5:B$15)>=5,IF(Risultati!B14="",0,5+INDEX(Regole!$D$2:$D$13,Risultati!B14)+IF(Risultati!B$17=$A14,INDEX(Regole!$D$2:$D$13,Risultati!B14),0)),"") -> 0 | C14: =IF(COUNT(Risultati!C$5:C$15)>=5,IF(Risultati!C14="",0,5+INDEX(Regole!$D$2:$D$13,Risultati!C14)+IF(Risultati!C$17=$A14,INDEX(Regole!$D$2:$D$13,Risultati!C14),0)),"") | D14: =IF(COUNT(Risultati!D$5:D$15)>=5,IF(Risultati!D14="",0,5+INDEX(Regole!$D$2:$D$13,Risultati!D14)+IF(Risultati!D$17=$A14,INDEX(Regole!$D$2:$D$13,Risultati!D14),0)),"") | E14: =IF(COUNT(Risultati!E$5:E$15)>=5,IF(Risultati!E14="",0,5+INDEX(Regole!$D$2:$D$13,Risultati!E14)+IF(Risultati!E$17=$A14,INDEX(Regole!$D$2:$D$13,Risultati!E14),0)),"") | F14: =IF(COUNT(Risultati!F$5:F$15)>=5,IF(Risultati!F14="",0,5+INDEX(Regole!$D$2:$D$13,Risultati!F14)+IF(Risultati!F$17=$A14,INDEX(Regole!$D$2:$D$13,Risultati!F14),0)),"") | G14: =IF(COUNT(Risultati!G$5:G$15)>=5,IF(Risultati!G14="",0,5+INDEX(Regole!$D$2:$D$13,Risultati!G14)+IF(Risultati!G$17=$A14,INDEX(Regole!$D$2:$D$13,Risultati!G14),0)),"") | H14: =IF(COUNT(Risultati!H$5:H$15)>=5,IF(Risultati!H14="",0,5+INDEX(Regole!$D$2:$D$13,Risultati!H14)+IF(Risultati!H$17=$A14,INDEX(Regole!$D$2:$D$13,Risultati!H14),0)),"") | I14: =IF(COUNT(Risultati!I$5:I$15)>=5,IF(Risultati!I14="",0,5+INDEX(Regole!$D$2:$D$13,Risultati!I14)+IF(Risultati!I$17=$A14,INDEX(Regole!$D$2:$D$13,Risultati!I14),0)),"") | ... M14: =IF(COUNT(Risultati!M$5:M$15)>=5,IF(Risultati!M14="",0,5+INDEX(Regole!$D$2:$D$13,Risultati!M14)+IF(Risultati!M$17=$A14,INDEX(Regole!$D$2:$D$13,Risultati!M14),0)),"")
A15: Uccio | B15: =IF(COUNT(Risultati!B$5:B$15)>=5,IF(Risultati!B15="",0,5+INDEX(Regole!$D$2:$D$13,Risultati!B15)+IF(Risultati!B$17=$A15,INDEX(Regole!$D$2:$D$13,Risultati!B15),0)),"") -> 0 | C15: =IF(COUNT(Risultati!C$5:C$15)>=5,IF(Risultati!C15="",0,5+INDEX(Regole!$D$2:$D$13,Risultati!C15)+IF(Risultati!C$17=$A15,INDEX(Regole!$D$2:$D$13,Risultati!C15),0)),"") | D15: =IF(COUNT(Risultati!D$5:D$15)>=5,IF(Risultati!D15="",0,5+INDEX(Regole!$D$2:$D$13,Risultati!D15)+IF(Risultati!D$17=$A15,INDEX(Regole!$D$2:$D$13,Risultati!D15),0)),"") | E15: =IF(COUNT(Risultati!E$5:E$15)>=5,IF(Risultati!E15="",0,5+INDEX(Regole!$D$2:$D$13,Risultati!E15)+IF(Risultati!E$17=$A15,INDEX(Regole!$D$2:$D$13,Risultati!E15),0)),"") | F15: =IF(COUNT(Risultati!F$5:F$15)>=5,IF(Risultati!F15="",0,5+INDEX(Regole!$D$2:$D$13,Risultati!F15)+IF(Risultati!F$17=$A15,INDEX(Regole!$D$2:$D$13,Risultati!F15),0)),"") | G15: =IF(COUNT(Risultati!G$5:G$15)>=5,IF(Risultati!G15="",0,5+INDEX(Regole!$D$2:$D$13,Risultati!G15)+IF(Risultati!G$17=$A15,INDEX(Regole!$D$2:$D$13,Risultati!G15),0)),"") | H15: =IF(COUNT(Risultati!H$5:H$15)>=5,IF(Risultati!H15="",0,5+INDEX(Regole!$D$2:$D$13,Risultati!H15)+IF(Risultati!H$17=$A15,INDEX(Regole!$D$2:$D$13,Risultati!H15),0)),"") | I15: =IF(COUNT(Risultati!I$5:I$15)>=5,IF(Risultati!I15="",0,5+INDEX(Regole!$D$2:$D$13,Risultati!I15)+IF(Risultati!I$17=$A15,INDEX(Regole!$D$2:$D$13,Risultati!I15),0)),"") | ... M15: =IF(COUNT(Risultati!M$5:M$15)>=5,IF(Risultati!M15="",0,5+INDEX(Regole!$D$2:$D$13,Risultati!M15)+IF(Risultati!M$17=$A15,INDEX(Regole!$D$2:$D$13,Risultati!M15),0)),"")

Sheet Regole
A1: GIOCATORI ISCRITTI | C1: PIAZZAMENTO | D1: PUNTI F1 | F1: COME COMPILARE
A2: Fanfo | C2: 1 | D2: 25 | F2: 1. In Risultati, usa la tendina per assegnare i piazzamenti.
A3: Generale | C3: 2 | D3: 18 | F3: 2. Lascia vuota la cella del giocatore assente.
A4: Giopowie | C4: 3 | D4: 15 | F4: 3. Un piazzamento si usa una sola volta per serata.
A5: Lorenzo | C5: 4 | D5: 12 | F5: 4. Se usato, scegli il jolly nella riga dedicata.
A6: Maldo | C6: 5 | D6: 10 | F6: 5. Una serata è valida con almeno 5 giocatori.
A7: Muso | C7: 6 | D7: 8 | F7: 6. La presenza vale 5 punti oltre ai punti F1.
A8: Piero | C8: 7 | D8: 6 | F8: 7. Il jolly raddoppia solo i punti F1; si usa una volta.
A9: Salado | C9: 8 | D9: 4 | F9: 8. I due risultati peggiori, assenze valide incluse, si scartano.
A10: Torre | C10: 9 | D10: 2
A11: Ube | C11: 10 | D11: 1
A12: Uccio | C12: 11 | D12: 0
C13: 12 | D13: 0
F14: Per aggiungere giocatori, avvisa l'amministratore del sito.
